date,strategy,symbol,side,shares,raw_price,fill_price,gross_value,commission,slippage_cost,reason
2016-01-04,B,510300,BUY,42900,3.12166167,3.12478333,134053.20492864,40.21596148,133.91928564,MA10高于MA30且风控允许
2016-01-05,B,510300,SELL,42900,2.86620819,2.86334198,122837.37101965,36.85121131,122.96033135,T-1收盘价触发ATR移动止损
2016-01-06,B,510300,BUY,35400,2.91415786,2.91707202,103264.34943224,30.97930483,103.16118824,MA10高于MA30且风控允许
2016-01-08,B,510300,SELL,35400,2.88108886,2.87820777,101888.55509836,30.56656653,101.99054564,MA10不高于MA30
2016-03-09,B,510300,BUY,35500,2.55563885,2.55819449,90815.90435417,27.24477131,90.72517917,MA10高于MA30且风控允许
2016-03-10,B,510300,SELL,35500,2.55479913,2.55224433,90604.67374589,27.18140212,90.69536911,MA10不高于MA30
2016-03-11,B,510300,BUY,34400,2.50272925,2.50523198,86179.98008620,25.85399403,86.09388620,MA10高于MA30且风控允许
2016-04-22,B,510300,SELL,34400,2.63794350,2.63530556,90654.51114360,27.19635334,90.74525640,T-1收盘价触发ATR移动止损
2016-04-25,B,510300,BUY,50400,2.65642021,2.65907663,134017.46216258,40.20523865,133.88357858,MA10高于MA30且风控允许
2016-04-28,B,510300,SELL,50400,2.65306085,2.65040779,133580.55257316,40.07416577,133.71426684,MA10不高于MA30
2016-06-08,B,510300,BUY,73600,2.66565854,2.66832420,196388.66101254,58.91659830,196.19246854,MA10高于MA30且风控允许
2016-06-14,B,510300,SELL,73600,2.57411593,2.57154181,189265.47751555,56.77964325,189.45493245,T-1收盘价触发ATR移动止损
2016-06-15,B,510300,BUY,70400,2.56907654,2.57164562,181043.85140442,54.31315542,180.86298842,MA10高于MA30且风控允许
2016-08-02,B,510300,SELL,70400,2.70933000,2.70662067,190546.09516800,57.16382855,190.73683200,T-1收盘价触发ATR移动止损
2016-08-03,B,510300,BUY,76500,2.71268959,2.71540228,207728.27438863,62.31848232,207.52075363,MA10高于MA30且风控允许
2016-08-10,B,510300,SELL,76500,2.77483761,2.77206277,212062.80208784,63.61884063,212.27507717,MA10不高于MA30
2016-08-16,B,510300,BUY,66400,2.90333342,2.90623675,192974.12042709,57.89223613,192.78133909,MA10高于MA30且风控允许
2016-08-26,B,510300,SELL,66400,2.82858764,2.82575905,187630.40107670,56.28912032,187.81821930,T-1收盘价触发ATR移动止损
2016-08-29,B,510300,BUY,69200,2.81934952,2.82216887,195294.08577078,58.58822573,195.09898678,MA10高于MA30且风控允许
2016-09-13,B,510300,SELL,69200,2.78743540,2.78464796,192697.63915032,57.80929175,192.89052968,T-1收盘价触发ATR移动止损
2016-09-14,B,510300,BUY,83300,2.77819720,2.78097540,231655.25058676,69.49657518,231.42382676,MA10高于MA30且风控允许
2016-09-20,B,510300,SELL,83300,2.78827559,2.78548731,232031.09329035,69.60932799,232.26335665,MA10不高于MA30
2016-10-20,B,510300,BUY,86100,2.83614653,2.83898268,244436.40844923,73.33092253,244.19221623,MA10高于MA30且风控允许
2016-12-06,B,510300,SELL,86100,2.95792346,2.95496554,254422.53269609,76.32675981,254.67720991,T-1收盘价触发ATR移动止损
2016-12-07,B,510300,BUY,71300,2.95204460,2.95499664,210691.26075998,63.20737823,210.48077998,MA10高于MA30且风控允许
2016-12-13,B,510300,SELL,71300,2.89913453,2.89623540,206501.58369701,61.95047511,206.70829199,T-1收盘价触发ATR移动止损
2016-12-14,B,510300,BUY,68400,2.89745497,2.90035242,198384.10586795,59.51523176,198.18591995,MA10高于MA30且风控允许
2016-12-16,B,510300,SELL,68400,2.84790396,2.84505606,194601.83423314,58.38055027,194.79663086,MA10不高于MA30
2017-01-26,B,510300,BUY,85100,2.87915668,2.88203584,245261.24970147,73.57837491,245.01623347,MA10高于MA30且风控允许
2017-03-06,B,510300,SELL,85100,2.92268980,2.91976711,248472.18107802,74.54165432,248.72090198,T-1收盘价触发ATR移动止损
2017-03-07,B,510300,BUY,84000,2.93549365,2.93842914,246828.04806660,74.04841442,246.58146660,MA10高于MA30且风控允许
2017-04-20,B,510300,SELL,84000,2.93293306,2.93000013,246120.01066296,73.83600320,246.36637704,T-1收盘价触发ATR移动止损
2017-04-21,B,510300,BUY,83400,2.95341921,2.95637263,246561.47727611,73.96844318,246.31516211,MA10高于MA30且风控允许
2017-04-26,B,510300,SELL,83400,2.93122593,2.92829470,244219.77831944,73.26593350,244.46424256,MA10不高于MA30
2017-05-31,B,510300,BUY,82000,2.98585541,2.98884127,245084.98376362,73.52549513,244.84014362,MA10高于MA30且风控允许
2017-08-14,B,510300,SELL,82000,3.15913395,3.15597482,258789.93491610,77.63698047,259.04898390,T-1收盘价触发ATR移动止损
2017-08-15,B,510300,BUY,69500,3.19839927,3.20159767,222511.03801426,66.75331140,222.28874926,MA10高于MA30且风控允许
2017-08-23,B,510300,SELL,69500,3.24620006,3.24295386,225385.29326583,67.61558798,225.61090417,MA10不高于MA30
2017-08-28,B,510300,BUY,76800,3.29656191,3.29985847,253429.13064269,76.02873919,253.17595469,MA10高于MA30且风控允许
2017-11-24,B,510300,SELL,76800,3.53300601,3.52947300,271063.52670643,81.31905801,271.33486157,T-1收盘价触发ATR移动止损
2017-11-27,B,510300,BUY,55700,3.53386025,3.53739411,197032.85194092,59.10985558,196.83601592,MA10高于MA30且风控允许
2017-12-06,B,510300,SELL,55700,3.49118061,3.48768943,194264.30121702,58.27929037,194.45875998,MA10不高于MA30
2018-01-04,B,510300,BUY,56300,3.54922466,3.55277388,200021.16970636,60.00635091,199.82134836,MA10高于MA30且风控允许
2018-01-31,B,510300,SELL,56300,3.66271938,3.65905666,206004.88999291,61.80146700,206.21110109,T-1收盘价触发ATR移动止损
2018-02-01,B,510300,BUY,64000,3.68342279,3.68710621,235974.79761856,70.79243929,235.73905856,MA10高于MA30且风控允许
2018-02-07,B,510300,SELL,64000,3.62303864,3.61941560,231642.59848704,69.49277955,231.87447296,T-1收盘价触发ATR移动止损
2018-02-08,B,510300,BUY,47200,3.48501827,3.48850329,164657.35520634,49.39720656,164.49286234,MA10高于MA30且风控允许
2018-02-12,B,510300,SELL,47200,3.30904203,3.30573299,156030.59703218,46.80917911,156.18678382,T-1收盘价触发ATR移动止损
2018-03-20,B,510300,BUY,51000,3.50140835,3.50490976,178750.39767585,53.62511930,178.57182585,MA10高于MA30且风控允许
2018-03-26,B,510300,SELL,51000,3.33233293,3.32900060,169779.03045057,50.93370914,169.94897943,账户回撤保护，剩余5日
2018-05-16,B,510300,BUY,50200,3.37115117,3.37452232,169401.02052273,50.82030616,169.23178873,MA10高于MA30且风控允许
2018-05-28,B,510300,SELL,50200,3.29437730,3.29108292,165212.36271954,49.56370882,165.37774046,T-1收盘价触发ATR移动止损
2018-05-29,B,510300,BUY,62400,3.30386627,3.30717014,206367.41650325,61.91022495,206.16125525,MA10高于MA30且风控允许
2018-05-31,B,510300,SELL,62400,3.23313113,3.22989800,201545.63512949,60.46369054,201.74738251,T-1收盘价触发ATR移动止损
2018-06-01,B,510300,BUY,60500,3.26591071,3.26917662,197785.18555295,59.33555567,197.58759795,MA10高于MA30且风控允许
2018-06-04,B,510300,SELL,60500,3.27539969,3.27212429,197963.51956375,59.38905587,198.16168125,MA10不高于MA30
2018-07-27,B,510300,BUY,38600,3.09338482,3.09647820,119524.05870605,35.85721761,119.40465405,MA10高于MA30且风控允许
2018-08-03,B,510300,SELL,38600,2.94673816,2.94379142,113630.34888302,34.08910466,113.74409298,T-1收盘价触发ATR移动止损
2018-08-06,B,510300,BUY,41500,2.90619489,2.90910108,120727.69502293,36.21830851,120.60708793,MA10高于MA30且风控允许
2018-08-09,B,510300,SELL,41500,2.90274396,2.89984122,120343.41046566,36.10302314,120.46387434,MA10不高于MA30
2018-09-28,B,510300,BUY,49800,2.99935877,3.00235813,149517.43481275,44.85523044,149.36806675,MA10高于MA30且风控允许
2018-10-09,B,510300,SELL,49800,2.88807988,2.88519180,143682.55164598,43.10476549,143.82637802,T-1收盘价触发ATR移动止损
2018-10-10,B,510300,BUY,45600,2.89066745,2.89355812,131946.25015572,39.58387505,131.81443572,MA10高于MA30且风控允许
2018-10-12,B,510300,SELL,45600,2.74143240,2.73869097,124884.30812256,37.46529244,125.00931744,账户回撤保护，剩余5日
2018-11-14,B,510300,BUY,30400,2.83632195,2.83915827,86310.41146728,25.89312344,86.22418728,MA10高于MA30且风控允许
2018-11-26,B,510300,SELL,30400,2.75437216,2.75161779,83649.18075034,25.09475423,83.73291366,T-1收盘价触发ATR移动止损
2018-11-27,B,510300,BUY,41200,2.76127252,2.76403379,113878.19225182,34.16345768,113.76442782,MA10高于MA30且风控允许
2018-11-30,B,510300,SELL,41200,2.76041059,2.75765018,113615.18739169,34.08455622,113.72891631,MA10不高于MA30
2019-01-21,B,510300,BUY,57000,2.78257807,2.78536065,158765.55693999,47.62966708,158.60694999,MA10高于MA30且风控允许
2019-03-11,B,510300,SELL,57000,3.21763035,3.21441272,183221.52502005,54.96645751,183.40492995,T-1收盘价触发ATR移动止损
2019-03-12,B,510300,BUY,32400,3.28530529,3.28859060,106550.33528740,31.96510059,106.44389140,MA10高于MA30且风控允许
2019-04-26,B,510300,SELL,32400,3.44438476,3.44094038,111486.46815778,33.44594045,111.59806622,T-1收盘价触发ATR移动止损
2019-05-06,B,510300,BUY,32700,3.32046094,3.32378140,108687.65181074,32.60629554,108.57907274,MA10高于MA30且风控允许
2019-05-07,B,510300,SELL,32700,3.24136095,3.23811959,105886.51056193,31.76595317,105.99250307,T-1收盘价触发ATR移动止损
2019-05-08,B,510300,BUY,31800,3.21411510,3.21732922,102311.06904018,30.69332071,102.20886018,MA10高于MA30且风控允许
2019-05-09,B,510300,SELL,31800,3.19477923,3.19158445,101492.38553449,30.44771566,101.59397951,MA10不高于MA30
2019-06-19,B,510300,BUY,48800,3.31518782,3.31850301,161942.94678162,48.58288403,161.78116562,MA10高于MA30且风控允许
2019-07-09,B,510300,SELL,48800,3.37143675,3.36806531,164361.58728660,49.30847619,164.52611340,T-1收盘价触发ATR移动止损
2019-07-10,B,510300,BUY,45700,3.37055790,3.37392846,154188.53052603,46.25655916,154.03449603,MA10高于MA30且风控允许
2019-08-05,B,510300,SELL,45700,3.32661345,3.32328684,151874.20843033,45.56226253,152.02623467,T-1收盘价触发ATR移动止损
2019-08-06,B,510300,BUY,57400,3.23081401,3.23404482,185634.17289817,55.69025187,185.44872417,MA10高于MA30且风控允许
2019-08-07,B,510300,SELL,57400,3.25630175,3.25304545,186724.80872955,56.01744262,186.91172045,MA10不高于MA30
2019-08-28,B,510300,BUY,49900,3.40395582,3.40735978,170027.25281342,51.00817584,169.85739542,MA10高于MA30且风控允许
2019-09-26,B,510300,SELL,49900,3.47075199,3.46728124,173017.33377670,51.90520013,173.19052430,T-1收盘价触发ATR移动止损
2019-09-27,B,510300,BUY,61500,3.43911189,3.44255100,211716.88661623,63.51506598,211.50538123,MA10高于MA30且风控允许
2019-10-10,B,510300,SELL,61500,3.43032304,3.42689272,210753.90209304,63.22617063,210.96486696,MA10不高于MA30
2019-10-25,B,510300,BUY,64700,3.45668999,3.46014668,223871.49019535,67.16144706,223.64784235,MA10高于MA30且风控允许
2019-10-28,B,510300,SELL,64700,3.48920877,3.48571956,225526.05561158,67.65781668,225.75180742,MA10不高于MA30
2019-11-04,B,510300,BUY,62000,3.53754791,3.54108546,219547.29839042,65.86418952,219.32797042,MA10高于MA30且风控允许
2019-11-12,B,510300,SELL,62000,3.48217750,3.47869532,215679.10999500,64.70373300,215.89500500,T-1收盘价触发ATR移动止损
2019-11-13,B,510300,BUY,62900,3.47778319,3.48126097,218971.31521365,65.69139456,218.75256265,MA10高于MA30且风控允许
2019-11-22,B,510300,SELL,62900,3.47954087,3.47606133,218644.25760228,65.59327728,218.86312072,MA10不高于MA30
2019-12-18,B,510300,BUY,67000,3.60994445,3.61355439,242108.14442815,72.63244333,241.86627815,MA10高于MA30且风控允许
2020-01-22,B,510300,SELL,67000,3.65101784,3.64736682,244373.57708472,73.31207313,244.61819528,T-1收盘价触发ATR移动止损
2020-01-23,B,510300,BUY,57000,3.64387388,3.64751775,207908.51197116,62.37255359,207.70081116,MA10高于MA30且风控允许
2020-02-03,B,510300,SELL,57000,3.33047064,3.32714017,189646.98965352,56.89409690,189.83682648,T-1收盘价触发ATR移动止损
2020-02-26,B,510300,BUY,28900,3.62869515,3.63232385,104974.15912483,31.49224774,104.86928983,MA10高于MA30且风控允许
2020-03-10,B,510300,SELL,28900,3.56440770,3.56084329,102908.37114747,30.87251134,103.01138253,T-1收盘价触发ATR移动止损
2020-03-11,B,510300,BUY,31800,3.64119517,3.64483637,115905.79641241,34.77173892,115.79000641,MA10高于MA30且风控允许
2020-03-16,B,510300,SELL,31800,3.46886835,3.46539948,110199.70351647,33.05991105,110.31001353,T-1收盘价触发ATR移动止损
2020-03-17,B,510300,BUY,26800,3.35636442,3.35972078,90040.51702246,27.01215511,89.95056646,MA10高于MA30且风控允许
2020-03-18,B,510300,SELL,26800,3.30904158,3.30573254,88593.63202966,26.57808961,88.68231434,MA10不高于MA30
2020-04-20,B,510300,BUY,41200,3.41618786,3.41960405,140887.68677183,42.26630603,140.74693983,MA10高于MA30且风控允许
2020-05-25,B,510300,SELL,41200,3.40368706,3.40028337,140091.67496513,42.02750249,140.23190687,T-1收盘价触发ATR移动止损
2020-05-26,B,510300,BUY,55100,3.42333067,3.42675400,188814.14543692,56.64424363,188.62551992,MA10高于MA30且风控允许
2020-06-16,B,510300,SELL,55100,3.56708578,3.56351869,196349.88005152,58.90496402,196.54642648,T-1收盘价触发ATR移动止损
2020-06-17,B,510300,BUY,53600,3.58940803,3.59299744,192584.66267841,57.77539880,192.39227041,MA10高于MA30且风控允许
2020-07-17,B,510300,SELL,53600,4.08049634,4.07641584,218495.88922018,65.54876677,218.71460382,T-1收盘价触发ATR移动止损
2020-07-20,B,510300,BUY,24400,4.14924840,4.15339765,101342.90262096,30.40287079,101.24166096,MA10高于MA30且风控允许
2020-09-08,B,510300,SELL,24400,4.23228700,4.22805471,103164.53499720,30.94936050,103.26780280,T-1收盘价触发ATR移动止损
2020-09-09,B,510300,BUY,33300,4.19657151,4.20076808,139885.57711428,41.96567313,139.74583128,MA10高于MA30且风控允许
2020-09-14,B,510300,SELL,33300,4.20282134,4.19861852,139813.99667138,41.94419900,139.95395062,MA10不高于MA30
2020-10-19,B,510300,BUY,40000,4.35729188,4.36164917,174465.96687520,52.33979006,174.29167520,MA10高于MA30且风控允许
2020-12-14,B,510300,SELL,40000,4.42872238,4.42429366,176971.74630480,53.09152389,177.14889520,T-1收盘价触发ATR移动止损
2020-12-15,B,510300,BUY,41100,4.46265194,4.46711459,183598.40972873,55.07952292,183.41499473,MA10高于MA30且风控允许
2020-12-23,B,510300,SELL,41100,4.50015327,4.49565312,184771.34309760,55.43140293,184.95629940,MA10不高于MA30
2020-12-24,B,510300,BUY,40500,4.53051138,4.53504189,183669.19660089,55.10075898,183.48571089,MA10高于MA30且风控允许
2021-01-29,B,510300,SELL,40500,4.89157687,4.88668529,197910.75437176,59.37322631,198.10886324,T-1收盘价触发ATR移动止损
2021-02-01,B,510300,BUY,24800,4.83820122,4.84303942,120107.37764626,36.03221329,119.98739026,MA10高于MA30且风控允许
2021-02-23,B,510300,SELL,24800,5.02094593,5.01592498,124394.93960494,37.31848188,124.51945906,T-1收盘价触发ATR移动止损
2021-02-24,B,510300,BUY,26000,5.05532329,5.06037861,131569.84394554,39.47095318,131.43840554,MA10高于MA30且风控允许
2021-03-01,B,510300,SELL,26000,4.86805523,4.86318717,126442.86654402,37.93285996,126.56943598,T-1收盘价触发ATR移动止损
2021-03-02,B,510300,BUY,23500,4.92685966,4.93178652,115896.98321201,34.76909496,115.78120201,MA10高于MA30且风控允许
2021-03-05,B,510300,SELL,23500,4.70611918,4.70141306,110483.20692927,33.14496208,110.59380073,MA10不高于MA30
2021-04-28,B,510300,BUY,38500,4.58760642,4.59219403,176799.47001717,53.03984101,176.62284717,MA10高于MA30且风控允许
2021-05-10,B,510300,SELL,38500,4.52699348,4.52246649,174114.95973102,52.23448792,174.28924898,T-1收盘价触发ATR移动止损
2021-05-11,B,510300,BUY,36200,4.49352020,4.49801372,162828.09667124,48.84842900,162.66543124,MA10高于MA30且风控允许
2021-06-16,B,510300,SELL,36200,4.68169248,4.67701079,169307.79050822,50.79233715,169.47726778,T-1收盘价触发ATR移动止损
2021-06-17,B,510300,BUY,36400,4.61384159,4.61845543,168111.77770988,50.43353331,167.94383388,MA10高于MA30且风控允许
2021-06-22,B,510300,SELL,36400,4.65002898,4.64537895,169091.79381713,50.72753815,169.26105487,MA10不高于MA30
2021-07-26,B,510300,BUY,42700,4.64731439,4.65196170,198638.76477745,59.59162943,198.44032445,MA10高于MA30且风控允许
2021-07-27,B,510300,SELL,42700,4.50437645,4.49987207,192144.53754058,57.64336126,192.33687441,T-1收盘价触发ATR移动止损
2021-09-13,B,510300,BUY,34700,4.60027212,4.60487239,159789.07200656,47.93672160,159.62944256,MA10高于MA30且风控允许
2021-09-17,B,510300,SELL,34700,4.42205022,4.41762817,153291.69749137,45.98750925,153.44514263,T-1收盘价触发ATR移动止损
2021-09-22,B,510300,BUY,35900,4.39671987,4.40111659,158000.08557633,47.40002567,157.84224333,MA10高于MA30且风控允许
2021-09-29,B,510300,SELL,35900,4.45280986,4.44835705,159696.01810003,47.90880543,159.85587397,MA10不高于MA30
2021-10-15,B,510300,BUY,40200,4.50437622,4.50888060,181256.99996804,54.37709999,181.07592404,MA10高于MA30且风控允许
2021-11-03,B,510300,SELL,40200,4.44195345,4.43751150,178387.96216131,53.51638865,178.56652869,T-1收盘价触发ATR移动止损
2021-11-04,B,510300,BUY,42600,4.44466810,4.44911277,189532.20392106,56.85966118,189.34286106,MA10高于MA30且风控允许
2021-11-08,B,510300,SELL,42600,4.45100074,4.44654974,189423.01889248,56.82690567,189.61263152,MA10不高于MA30
2021-11-25,B,510300,BUY,50200,4.52156533,4.52608690,227209.56214557,68.16286864,226.98257957,MA10高于MA30且风控允许
2021-11-30,B,510300,SELL,50200,4.46185674,4.45739488,223761.22313965,67.12836694,223.98520835,MA10不高于MA30
2021-12-06,B,510300,BUY,55800,4.50709044,4.51159753,251747.14219855,75.52414266,251.49564655,MA10高于MA30且风控允许
2021-12-20,B,510300,SELL,55800,4.52608827,4.52156218,252303.16974053,75.69095092,252.55572547,T-1收盘价触发ATR移动止损
2021-12-21,B,510300,BUY,50700,4.48085484,4.48533569,227406.51972839,68.22195592,227.17934039,MA10高于MA30且风控允许
2021-12-30,B,510300,SELL,50700,4.48718727,4.48270008,227272.89419441,68.18186826,227.50039459,MA10不高于MA30
2022-05-30,B,510300,BUY,35400,3.69354727,3.69724082,130882.32493136,39.26469748,130.75157336,MA10高于MA30且风控允许
2022-07-13,B,510300,SELL,35400,4.00134241,3.99734107,141505.87379269,42.45176214,141.64752131,T-1收盘价触发ATR移动止损
2022-07-14,B,510300,BUY,36300,4.00134255,4.00534389,145393.98329957,43.61819499,145.24873456,MA10高于MA30且风控允许
2022-07-21,B,510300,SELL,36300,3.96459085,3.96062626,143770.73320715,43.13121996,143.91464785,MA10不高于MA30
2022-11-16,B,510300,BUY,33100,3.59983030,3.60343013,119273.53731293,35.78206119,119.15438293,MA10高于MA30且风控允许
2022-12-21,B,510300,SELL,33100,3.58421066,3.58062645,118518.73547315,35.55562064,118.63737285,T-1收盘价触发ATR移动止损
2022-12-22,B,510300,BUY,47000,3.59799240,3.60159039,169274.74844280,50.78242453,169.10564280,MA10高于MA30且风控允许
2022-12-30,B,510300,SELL,47000,3.61728706,3.61366977,169842.47932818,50.95274380,170.01249182,MA10不高于MA30
2023-01-10,B,510300,BUY,59500,3.73764872,3.74138637,222612.48893884,66.78374668,222.39009884,MA10高于MA30且风控允许
2023-02-07,B,510300,SELL,59500,3.81307642,3.80926334,226651.16894301,67.99535068,226.87804699,T-1收盘价触发ATR移动止损
2023-02-08,B,510300,BUY,53200,3.81867575,3.82249443,203356.70344990,61.00701103,203.15354990,MA10高于MA30且风控允许
2023-02-20,B,510300,SELL,53200,3.76454990,3.76078535,200073.78062532,60.02213419,200.27405468,T-1收盘价触发ATR移动止损
2023-02-21,B,510300,BUY,47100,3.85787054,3.86172841,181887.40813643,54.56622244,181.70570243,MA10高于MA30且风控允许
2023-02-27,B,510300,SELL,47100,3.77014919,3.76637904,177396.45282215,53.21893585,177.57402685,MA10不高于MA30
2023-04-06,B,510300,BUY,63300,3.81214319,3.81595533,241549.97259093,72.46499178,241.30866393,MA10高于MA30且风控允许
2023-04-24,B,510300,SELL,63300,3.75988393,3.75612405,237762.65211623,71.32879563,238.00065277,T-1收盘价触发ATR移动止损
2023-04-25,B,510300,BUY,67800,3.71415683,3.71787099,252071.65290707,75.62149587,251.81983307,MA10高于MA30且风控允许
2023-05-05,B,510300,SELL,67800,3.75708443,3.75332735,254475.59402965,76.34267821,254.73032435,MA10不高于MA30
2023-06-26,B,510300,BUY,58100,3.60777149,3.61137926,209821.13509257,62.94634053,209.61152357,MA10高于MA30且风控允许
2023-08-14,B,510300,SELL,58100,3.65723126,3.65357403,212272.65106979,63.68179532,212.48513621,T-1收盘价触发ATR移动止损
2023-08-15,B,510300,BUY,50600,3.66469686,3.66836156,185619.09477712,55.68572843,185.43366112,MA10高于MA30且风控允许
2023-08-21,B,510300,SELL,50600,3.58630758,3.58272127,181285.69638445,54.38570892,181.46716355,MA10不高于MA30
2023-11-17,B,510300,BUY,62600,3.38753524,3.39092278,212271.76573002,63.68152972,212.05970602,MA10高于MA30且风控允许
2023-11-28,B,510300,SELL,62600,3.33620872,3.33287251,208637.81920613,62.59134576,208.84666587,MA10不高于MA30
2024-02-22,B,510300,BUY,36200,3.28562476,3.28891038,119058.55592831,35.71756678,118.93961631,MA10高于MA30且风控允许
2024-03-28,B,510300,SELL,36200,3.32756492,3.32423736,120337.39225390,36.10121768,120.45785010,T-1收盘价触发ATR移动止损
2024-03-29,B,510300,BUY,65500,3.34281585,3.34615867,219173.39261317,65.75201778,218.95443817,MA10高于MA30且风控允许
2024-04-10,B,510300,SELL,65500,3.35902006,3.35566104,219795.79811607,65.93873943,220.01581393,MA10不高于MA30
2024-04-30,B,510300,BUY,59800,3.44575974,3.44920550,206262.48888445,61.87874667,206.05643245,MA10高于MA30且风控允许
2024-05-27,B,510300,SELL,59800,3.43622797,3.43279174,205280.94617339,61.58428385,205.48643261,T-1收盘价触发ATR移动止损
2024-05-28,B,510300,BUY,65300,3.46101070,3.46447171,226230.00270871,67.86900081,226.00399871,MA10高于MA30且风控允许
2024-06-06,B,510300,SELL,65300,3.43718111,3.43374393,224223.47855652,67.26704357,224.44792648,MA10不高于MA30
2024-07-22,B,510300,BUY,70600,3.42669615,3.43012285,242166.67293819,72.65000188,241.92474819,MA10高于MA30且风控允许
2024-07-24,B,510300,SELL,70600,3.33137757,3.32804619,234960.06118556,70.48801836,235.19525644,账户回撤保护，剩余5日
2024-07-31,B,510300,BUY,65500,3.27037400,3.27364437,214423.70649700,64.32711195,214.20949700,MA10高于MA30且风控允许
2024-08-02,B,510300,SELL,65500,3.29801614,3.29471812,215804.03711283,64.74121113,216.02005717,MA10不高于MA30
2024-09-30,B,510300,BUY,37800,3.81940783,3.82322724,144517.98958997,43.35539688,144.37361597,MA10高于MA30且风控允许
2024-10-10,B,510300,SELL,37800,3.87945860,3.87557914,146496.89154492,43.94906746,146.64353508,T-1收盘价触发ATR移动止损
2024-10-11,B,510300,BUY,20000,3.86706712,3.87093419,77418.68374240,23.22560512,77.34134240,MA10高于MA30且风控允许
2024-11-19,B,510300,SELL,20000,3.85086287,3.84701201,76940.24014260,23.08207204,77.01725740,T-1收盘价触发ATR移动止损
2024-11-20,B,510300,BUY,30000,3.85658191,3.86043849,115813.15475730,34.74394643,115.69745730,MA10高于MA30且风控允许
2024-11-27,B,510300,SELL,30000,3.73266808,3.72893541,111868.06235760,33.56041871,111.98004240,MA10不高于MA30
2024-12-24,B,510300,BUY,45000,3.83561210,3.83944771,172775.14704450,51.83254411,172.60254450,MA10高于MA30且风控允许
2025-01-03,B,510300,SELL,45000,3.72599592,3.72226992,167502.14658360,50.25064398,167.66981640,T-1收盘价触发ATR移动止损
2025-01-06,B,510300,BUY,43300,3.68405596,3.68774002,159679.14269107,47.90374281,159.51962307,MA10高于MA30且风控允许
2025-01-07,B,510300,SELL,43300,3.66499225,3.66132726,158535.47026058,47.56064108,158.69416443,MA10不高于MA30
2025-02-13,B,510300,BUY,46500,3.82131392,3.82513523,177868.78837728,53.36063651,177.69109728,MA10高于MA30且风控允许
2025-03-24,B,510300,SELL,46500,3.82131398,3.81749267,177513.40896993,53.25402269,177.69110007,T-1收盘价触发ATR移动止损
2025-03-25,B,510300,BUY,53300,3.83942469,3.84326411,204845.97731298,61.45379319,204.64133598,MA10高于MA30且风控允许
2025-03-31,B,510300,SELL,53300,3.81654852,3.81273197,203218.61407988,60.96558422,203.42203612,账户回撤保护，剩余5日
2025-05-12,B,510300,BUY,63700,3.77746790,3.78124537,240865.32993523,72.25959898,240.62470523,MA10高于MA30且风控允许
2025-05-27,B,510300,SELL,63700,3.77937393,3.77559456,240505.37322166,72.15161197,240.74611934,T-1收盘价触发ATR移动止损
2025-05-28,B,510300,BUY,63900,3.76221685,3.76597907,240646.06237172,72.19381871,240.40565671,MA10高于MA30且风控允许
2025-06-24,B,510300,SELL,63900,3.79737711,3.79357973,242409.74493167,72.72292348,242.65239733,MA10不高于MA30
2025-06-25,B,510300,BUY,62800,3.83928866,3.84312795,241348.43517585,72.40453055,241.10732785,MA10高于MA30且风控允许
2025-08-01,B,510300,SELL,62800,4.04299769,4.03895469,253646.35467707,76.09390640,253.90025493,T-1收盘价触发ATR移动止损
2025-08-04,B,510300,BUY,58800,4.01765661,4.02167427,236474.44687667,70.94233406,236.23820867,MA10高于MA30且风控允许
2025-09-05,B,510300,SELL,58800,4.33735325,4.33301590,254781.33472890,76.43440042,255.03637110,T-1收盘价触发ATR移动止损
2025-09-08,B,510300,BUY,34600,4.43872074,4.44315946,153733.31734160,46.11999520,153.57973760,MA10高于MA30且风控允许
2025-10-15,B,510300,SELL,34600,4.53034117,4.52581083,156593.05467752,46.97791640,156.74980448,T-1收盘价触发ATR移动止损
2025-10-16,B,510300,BUY,33400,4.57030334,4.57487364,152800.77968756,45.84023391,152.64813156,MA10高于MA30且风控允许
2025-11-19,B,510300,SELL,33400,4.55958159,4.55502201,152137.73508089,45.64132052,152.29002511,T-1收盘价触发ATR移动止损
2025-11-20,B,510300,BUY,42000,4.60441724,4.60902166,193578.90960408,58.07367288,193.38552408,MA10高于MA30且风控允许
2025-11-24,B,510300,SELL,42000,4.46308808,4.45862499,187262.24966064,56.17867490,187.44969936,T-1收盘价触发ATR移动止损
2025-12-19,B,510300,BUY,41500,4.56153093,4.56609246,189492.83712859,56.84785114,189.30353359,MA10高于MA30且风控允许
2026-02-03,B,510300,SELL,41500,4.63999987,4.63535987,192367.43461039,57.71023038,192.55999461,T-1收盘价触发ATR移动止损
2026-03-03,B,510300,BUY,40600,4.74100018,4.74574118,192677.09191531,57.80312757,192.48460731,MA10高于MA30且风控允许
2026-03-05,B,510300,SELL,40600,4.64699984,4.64235284,188479.52531050,56.54385759,188.66819350,T-1收盘价触发ATR移动止损
2026-04-17,B,510300,BUY,34200,4.73699999,4.74173699,162167.40505766,48.65022152,162.00539966,MA10高于MA30且风控允许
2026-05-18,B,510300,SELL,34200,4.85500002,4.85014502,165874.95968332,49.76248790,166.04100068,T-1收盘价触发ATR移动止损
2026-05-19,B,510300,BUY,42300,4.84299994,4.84784294,205063.75635946,61.51912691,204.85889746,MA10高于MA30且风控允许
2026-06-09,B,510300,SELL,42300,4.76399994,4.75923594,201315.68026454,60.39470408,201.51719746,T-1收盘价触发ATR移动止损
2026-06-10,B,510300,BUY,28800,4.78999996,4.79478996,138089.95084685,41.42698525,137.95199885,MA10高于MA30且风控允许
2026-06-11,B,510300,SELL,28800,4.76599979,4.76123379,137123.53315805,41.13705995,137.26079395,MA10不高于MA30
2026-06-25,B,510300,BUY,27900,4.97300005,4.97797305,138885.44809639,41.66563443,138.74670139,MA10高于MA30且风控允许
2026-07-03,B,510300,SELL,27900,4.82999992,4.82516992,134622.24077023,40.38667223,134.75699777,T-1收盘价触发ATR移动止损
2026-07-06,B,510300,BUY,24500,4.90000010,4.90490010,120170.05245245,36.05101574,120.05000245,MA10高于MA30且风控允许
2026-07-10,B,510300,SELL,24500,4.91800022,4.91308222,120370.51438461,36.11115432,120.49100539,MA10不高于MA30
