symbol,name,source,raw_rows,raw_start,raw_end
601318.SH,601318.SH,Tushare Pro qfq (initial API snapshot),2186,2017-01-03,2025-12-31
000725.SZ,000725.SZ,AKShare qfq fallback (initial API snapshot),2186,2017-01-03,2025-12-31
600030.SH,600030.SH,AKShare qfq fallback (initial API snapshot),2169,2017-01-03,2025-12-31
601166.SH,601166.SH,Tushare adjusted return index,2186,2017-01-03,2025-12-31
600519.SH,600519.SH,Tushare adjusted return index,2186,2017-01-03,2025-12-31
000651.SZ,000651.SZ,Tushare adjusted return index,2179,2017-01-03,2025-12-31
601668.SH,601668.SH,Tushare adjusted return index,2186,2017-01-03,2025-12-31
000063.SZ,000063.SZ,Tushare adjusted return index,2137,2017-01-03,2025-12-31
600516.SH,600516.SH,Tushare adjusted return index,2184,2017-01-03,2025-12-31
000858.SZ,000858.SZ,Tushare adjusted return index,2186,2017-01-03,2025-12-31
600048.SH,600048.SH,Tushare adjusted return index,2186,2017-01-03,2025-12-31
000001.SZ,000001.SZ,Tushare adjusted return index,2186,2017-01-03,2025-12-31
600028.SH,600028.SH,Tushare adjusted return index,2186,2017-01-03,2025-12-31
601398.SH,601398.SH,Tushare adjusted return index,2186,2017-01-03,2025-12-31
601288.SH,601288.SH,Tushare adjusted return index,2186,2017-01-03,2025-12-31
600606.SH,600606.SH,Tushare adjusted return index,2181,2017-01-03,2025-12-31
000002.SZ,000002.SZ,Tushare adjusted return index,2181,2017-01-03,2025-12-31
600036.SH,600036.SH,Tushare adjusted return index,2186,2017-01-03,2025-12-31
000333.SZ,000333.SZ,Tushare adjusted return index,2146,2017-01-03,2025-12-31
600029.SH,600029.SH,Tushare adjusted return index,2183,2017-01-03,2025-12-31
601899.SH,601899.SH,Tushare adjusted return index,2182,2017-01-03,2025-12-31
601766.SH,601766.SH,Tushare adjusted return index,2186,2017-01-03,2025-12-31
002230.SZ,002230.SZ,Tushare adjusted return index,2186,2017-01-03,2025-12-31
600340.SH,600340.SH,Tushare adjusted return index,2168,2017-01-03,2025-12-31
600887.SH,600887.SH,Tushare adjusted return index,2182,2017-01-03,2025-12-31
603799.SH,603799.SH,Tushare adjusted return index,2174,2017-01-03,2025-12-31
600585.SH,600585.SH,Tushare adjusted return index,2186,2017-01-03,2025-12-31
601336.SH,601336.SH,Tushare adjusted return index,2186,2017-01-03,2025-12-31
601939.SH,601939.SH,Tushare adjusted return index,2186,2017-01-03,2025-12-31
601601.SH,601601.SH,Tushare adjusted return index,2186,2017-01-03,2025-12-31
000732.SZ,000732.SZ,Tushare adjusted return index,1544,2017-01-03,2023-06-02
600050.SH,600050.SH,Tushare adjusted return index,2091,2017-01-03,2025-12-31
002415.SZ,002415.SZ,Tushare adjusted return index,2184,2017-01-03,2025-12-31
603993.SH,603993.SH,Tushare adjusted return index,2186,2017-01-03,2025-12-31
600460.SH,600460.SH,Tushare adjusted return index,2110,2017-01-03,2025-12-31
300059.SZ,300059.SZ,Tushare adjusted return index,2186,2017-01-03,2025-12-31
601328.SH,601328.SH,Tushare adjusted return index,2186,2017-01-03,2025-12-31
600690.SH,600690.SH,Tushare adjusted return index,2184,2017-01-03,2025-12-31
601988.SH,601988.SH,Tushare adjusted return index,2186,2017-01-03,2025-12-31
002916.SZ,002916.SZ,Tushare adjusted return index,1953,2017-12-13,2025-12-31
601688.SH,601688.SH,Tushare adjusted return index,2186,2017-01-03,2025-12-31
002146.SZ,002146.SZ,Tushare adjusted return index,2176,2017-01-03,2025-12-31
001979.SZ,001979.SZ,Tushare adjusted return index,2170,2017-01-03,2025-12-31
601818.SH,601818.SH,Tushare adjusted return index,2186,2017-01-03,2025-12-31
002460.SZ,002460.SZ,Tushare adjusted return index,2185,2017-01-03,2025-12-31
600031.SH,600031.SH,Tushare adjusted return index,2186,2017-01-03,2025-12-31
600000.SH,600000.SH,Tushare adjusted return index,2186,2017-01-03,2025-12-31
600383.SH,600383.SH,Tushare adjusted return index,2186,2017-01-03,2025-12-31
600903.SH,600903.SH,Tushare adjusted return index,1969,2017-11-07,2025-12-31
600016.SH,600016.SH,Tushare adjusted return index,2186,2017-01-03,2025-12-31
601933.SH,601933.SH,Tushare adjusted return index,2180,2017-01-03,2025-12-31
601088.SH,601088.SH,Tushare adjusted return index,2112,2017-01-03,2025-12-31
600487.SH,600487.SH,Tushare adjusted return index,2166,2017-01-03,2025-12-31
601111.SH,601111.SH,Tushare adjusted return index,2185,2017-01-03,2025-12-31
002797.SZ,002797.SZ,Tushare adjusted return index,2169,2017-01-03,2025-12-31
601360.SH,601360.SH,Tushare adjusted return index,2064,2017-01-03,2025-12-31
600019.SH,600019.SH,Tushare adjusted return index,2167,2017-01-03,2025-12-31
600362.SH,600362.SH,Tushare adjusted return index,2186,2017-01-03,2025-12-31
600104.SH,600104.SH,Tushare adjusted return index,2186,2017-01-03,2025-12-31
002008.SZ,002008.SZ,Tushare adjusted return index,2186,2017-01-03,2025-12-31
000792.SZ,000792.SZ,Tushare adjusted return index,1867,2017-01-03,2025-12-31
601012.SH,601012.SH,Tushare adjusted return index,2180,2017-01-03,2025-12-31
600111.SH,600111.SH,Tushare adjusted return index,2186,2017-01-03,2025-12-31
601828.SH,601828.SH,Tushare adjusted return index,1925,2018-01-17,2025-12-31
601108.SH,601108.SH,Tushare adjusted return index,1985,2017-10-24,2025-12-31
000776.SZ,000776.SZ,Tushare adjusted return index,2186,2017-01-03,2025-12-31
601009.SH,601009.SH,Tushare adjusted return index,2184,2017-01-03,2025-12-31
600352.SH,600352.SH,Tushare adjusted return index,2186,2017-01-03,2025-12-31
000807.SZ,000807.SZ,Tushare adjusted return index,2159,2017-01-03,2025-12-31
601155.SH,601155.SH,Tushare adjusted return index,2184,2017-01-03,2025-12-31
000830.SZ,000830.SZ,Tushare adjusted return index,2176,2017-01-03,2025-12-31
600025.SH,600025.SH,Tushare adjusted return index,1953,2017-12-15,2025-12-31
600115.SH,600115.SH,Tushare adjusted return index,2186,2017-01-03,2025-12-31
601699.SH,601699.SH,Tushare adjusted return index,2186,2017-01-03,2025-12-31
600392.SH,600392.SH,Tushare adjusted return index,2186,2017-01-03,2025-12-31
002049.SZ,002049.SZ,Tushare adjusted return index,2068,2017-01-03,2025-12-29
600196.SH,600196.SH,Tushare adjusted return index,2186,2017-01-03,2025-12-31
601006.SH,601006.SH,Tushare adjusted return index,2186,2017-01-03,2025-12-31
002466.SZ,002466.SZ,Tushare adjusted return index,2161,2017-01-03,2025-12-31
300136.SZ,300136.SZ,Tushare adjusted return index,2186,2017-01-03,2025-12-31
600703.SH,600703.SH,Tushare adjusted return index,2186,2017-01-03,2025-12-31
600276.SH,600276.SH,Tushare adjusted return index,2186,2017-01-03,2025-12-31
002110.SZ,002110.SZ,Tushare adjusted return index,2086,2017-01-03,2025-12-31
000425.SZ,000425.SZ,Tushare adjusted return index,2163,2017-01-03,2025-12-31
002405.SZ,002405.SZ,Tushare adjusted return index,2186,2017-01-03,2025-12-31
300156.SZ,300156.SZ,Tushare adjusted return index,695,2017-01-03,2020-08-24
000933.SZ,000933.SZ,Tushare adjusted return index,2174,2017-01-03,2025-12-31
002001.SZ,002001.SZ,Tushare adjusted return index,2186,2017-01-03,2025-12-31
000069.SZ,000069.SZ,Tushare adjusted return index,2186,2017-01-03,2025-12-31
000568.SZ,000568.SZ,Tushare adjusted return index,2186,2017-01-03,2025-12-31
600522.SH,600522.SH,Tushare adjusted return index,2186,2017-01-03,2025-12-31
002456.SZ,002456.SZ,Tushare adjusted return index,2168,2017-01-03,2025-12-31
601628.SH,601628.SH,Tushare adjusted return index,2186,2017-01-03,2025-12-31
300017.SZ,300017.SZ,Tushare adjusted return index,2168,2017-01-03,2025-12-31
002024.SZ,002024.SZ,Tushare adjusted return index,2167,2017-01-03,2025-12-31
000671.SZ,000671.SZ,Tushare adjusted return index,1552,2017-01-03,2023-06-09
000786.SZ,000786.SZ,Tushare adjusted return index,2184,2017-01-03,2025-12-31
601225.SH,601225.SH,Tushare adjusted return index,2186,2017-01-03,2025-12-31
603019.SH,603019.SH,Tushare adjusted return index,2173,2017-01-03,2025-12-31
002027.SZ,002027.SZ,Tushare adjusted return index,2186,2017-01-03,2025-12-31
