universe_rank,ts_code,median_amount,mean_amount,observed_days,symbol,name,list_date,selection_window,selection_metric
1,601318.SH,9352475.066,10117865.154727273,22,,,,2018-01,median_daily_amount_thousand_cny
2,000725.SZ,5668188.5825,6815668.8246818185,22,,,,2018-01,median_daily_amount_thousand_cny
3,600030.SH,4707802.2965,5031830.409318182,22,,,,2018-01,median_daily_amount_thousand_cny
4,601166.SH,3976981.1195,4559151.796045454,22,,,,2018-01,median_daily_amount_thousand_cny
5,600519.SH,3876328.409,4250182.209772727,22,,,,2018-01,median_daily_amount_thousand_cny
6,000651.SZ,3727574.0865,4064845.4610454547,22,,,,2018-01,median_daily_amount_thousand_cny
7,601668.SH,3715873.0085,4008576.8349545454,22,,,,2018-01,median_daily_amount_thousand_cny
8,000063.SZ,3638197.359,4109580.014681818,22,,,,2018-01,median_daily_amount_thousand_cny
9,600516.SH,3517923.573,3817066.798681818,22,,,,2018-01,median_daily_amount_thousand_cny
10,000858.SZ,3161463.0135,3174527.3225454544,22,,,,2018-01,median_daily_amount_thousand_cny
11,600048.SH,3125388.1805,3307104.562681818,22,,,,2018-01,median_daily_amount_thousand_cny
12,000001.SZ,2972125.5825,2934031.6963181817,22,,,,2018-01,median_daily_amount_thousand_cny
13,600028.SH,2789734.3745,2718093.8118636366,22,,,,2018-01,median_daily_amount_thousand_cny
14,601398.SH,2765893.2345000003,2646382.308818182,22,,,,2018-01,median_daily_amount_thousand_cny
15,601288.SH,2549061.329,2970230.8739090906,22,,,,2018-01,median_daily_amount_thousand_cny
16,600606.SH,2386831.801,2716265.7824545456,22,,,,2018-01,median_daily_amount_thousand_cny
17,000002.SZ,2231622.225,2388787.536090909,22,,,,2018-01,median_daily_amount_thousand_cny
18,600036.SH,2185703.5105,2259697.0973636364,22,,,,2018-01,median_daily_amount_thousand_cny
19,000333.SZ,2089081.1895,2104132.0520454547,22,,,,2018-01,median_daily_amount_thousand_cny
20,600029.SH,2069221.775,2161635.968818182,22,,,,2018-01,median_daily_amount_thousand_cny
21,601899.SH,2017941.6245,2419994.0998181817,22,,,,2018-01,median_daily_amount_thousand_cny
22,601766.SH,1992450.6579999998,2052297.7441818183,22,,,,2018-01,median_daily_amount_thousand_cny
23,002230.SZ,1980257.8344999999,2410763.4316818183,22,,,,2018-01,median_daily_amount_thousand_cny
24,600340.SH,1959764.26,2108316.792318182,22,,,,2018-01,median_daily_amount_thousand_cny
25,600887.SH,1946653.0455,2055439.1309545452,22,,,,2018-01,median_daily_amount_thousand_cny
26,603799.SH,1842507.6184999999,1759869.263,22,,,,2018-01,median_daily_amount_thousand_cny
27,600585.SH,1754848.9125,1925154.2463636363,22,,,,2018-01,median_daily_amount_thousand_cny
28,601336.SH,1721483.332,1828216.134681818,22,,,,2018-01,median_daily_amount_thousand_cny
29,601939.SH,1698671.966,1765467.4904090909,22,,,,2018-01,median_daily_amount_thousand_cny
30,601601.SH,1649042.3425,1660173.7701818182,22,,,,2018-01,median_daily_amount_thousand_cny
31,000732.SZ,1623906.8930000002,1785548.929388889,18,,,,2018-01,median_daily_amount_thousand_cny
32,600050.SH,1586490.504,1728913.6757272726,22,,,,2018-01,median_daily_amount_thousand_cny
33,002415.SZ,1577843.7635,1503636.0282727273,22,,,,2018-01,median_daily_amount_thousand_cny
34,603993.SH,1564617.99,1708613.5236363637,22,,,,2018-01,median_daily_amount_thousand_cny
35,600460.SH,1559337.613,1681702.2051363634,22,,,,2018-01,median_daily_amount_thousand_cny
36,300059.SZ,1544636.009,2289824.6089545456,22,,,,2018-01,median_daily_amount_thousand_cny
37,601328.SH,1541701.237,1748415.0958636364,22,,,,2018-01,median_daily_amount_thousand_cny
38,600690.SH,1524089.1030000001,1601047.4015,22,,,,2018-01,median_daily_amount_thousand_cny
39,601988.SH,1502221.891,1587101.1494999998,22,,,,2018-01,median_daily_amount_thousand_cny
40,002916.SZ,1498751.203,1723455.44505,20,,,,2018-01,median_daily_amount_thousand_cny
41,601688.SH,1475140.7425000002,1710907.0162727274,22,,,,2018-01,median_daily_amount_thousand_cny
42,002146.SZ,1404664.7595,1493938.259090909,22,,,,2018-01,median_daily_amount_thousand_cny
43,001979.SZ,1351763.1245,1387487.1282272728,22,,,,2018-01,median_daily_amount_thousand_cny
44,601818.SH,1342842.7935,1314339.754909091,22,,,,2018-01,median_daily_amount_thousand_cny
45,002460.SZ,1317835.341,1470297.5335454547,22,,,,2018-01,median_daily_amount_thousand_cny
46,600031.SH,1307360.26,1381905.7994545454,22,,,,2018-01,median_daily_amount_thousand_cny
47,600000.SH,1302063.491,1515087.6946363638,22,,,,2018-01,median_daily_amount_thousand_cny
48,600383.SH,1276799.9825,1559132.632909091,22,,,,2018-01,median_daily_amount_thousand_cny
49,600903.SH,1248380.759,1295101.378894737,19,,,,2018-01,median_daily_amount_thousand_cny
50,600016.SH,1230470.6285,1283748.4876818182,22,,,,2018-01,median_daily_amount_thousand_cny
51,601933.SH,1213311.092,1280564.958190476,21,,,,2018-01,median_daily_amount_thousand_cny
52,601088.SH,1179416.0584999998,1268934.3869999999,22,,,,2018-01,median_daily_amount_thousand_cny
53,600487.SH,1177567.5725,1321607.5380454545,22,,,,2018-01,median_daily_amount_thousand_cny
54,601111.SH,1169577.8375,1230404.413818182,22,,,,2018-01,median_daily_amount_thousand_cny
55,002797.SZ,1151926.523,1408693.6505454546,22,,,,2018-01,median_daily_amount_thousand_cny
56,601360.SH,1143448.4725000001,1327400.359409091,22,,,,2018-01,median_daily_amount_thousand_cny
57,600019.SH,1142440.0765,1620013.4523181817,22,,,,2018-01,median_daily_amount_thousand_cny
58,600362.SH,1110776.8199999998,1141379.072818182,22,,,,2018-01,median_daily_amount_thousand_cny
59,600104.SH,1102925.3575,1087729.5265,22,,,,2018-01,median_daily_amount_thousand_cny
60,002008.SZ,1100435.2880000002,1235787.8029545455,22,,,,2018-01,median_daily_amount_thousand_cny
61,000792.SZ,1080598.6485000001,1166519.8056818182,22,,,,2018-01,median_daily_amount_thousand_cny
62,601012.SH,1078157.5415,1120907.2565,22,,,,2018-01,median_daily_amount_thousand_cny
63,600111.SH,1075197.51,1264157.607590909,22,,,,2018-01,median_daily_amount_thousand_cny
64,601828.SH,1060859.025,1267041.6554545455,11,,,,2018-01,median_daily_amount_thousand_cny
65,601108.SH,1059653.457,1267817.6486818183,22,,,,2018-01,median_daily_amount_thousand_cny
66,000776.SZ,1041872.1675,1088622.3697272728,22,,,,2018-01,median_daily_amount_thousand_cny
67,601009.SH,1036842.4685000001,1062662.0314545454,22,,,,2018-01,median_daily_amount_thousand_cny
68,600352.SH,1031030.551,1078587.9318181819,22,,,,2018-01,median_daily_amount_thousand_cny
69,000807.SZ,1029439.3925,1121106.0585,12,,,,2018-01,median_daily_amount_thousand_cny
70,601155.SH,1009593.8045,1053111.868909091,22,,,,2018-01,median_daily_amount_thousand_cny
71,000830.SZ,997452.5505,1113549.9989545455,22,,,,2018-01,median_daily_amount_thousand_cny
72,600025.SH,984486.765,1203887.7570454546,22,,,,2018-01,median_daily_amount_thousand_cny
73,600115.SH,980643.368,1125435.1403181818,22,,,,2018-01,median_daily_amount_thousand_cny
74,601699.SH,979386.5445000001,1055307.5795454546,22,,,,2018-01,median_daily_amount_thousand_cny
75,600392.SH,976476.5945,1094215.4185454545,22,,,,2018-01,median_daily_amount_thousand_cny
76,002049.SZ,955969.463,1162440.8602727272,22,,,,2018-01,median_daily_amount_thousand_cny
77,600196.SH,931223.3940000001,983757.172909091,22,,,,2018-01,median_daily_amount_thousand_cny
78,601006.SH,915929.786,967441.5013181817,22,,,,2018-01,median_daily_amount_thousand_cny
79,002466.SZ,908016.3495,1059326.018409091,22,,,,2018-01,median_daily_amount_thousand_cny
80,300136.SZ,907914.6070000001,1036554.4319545454,22,,,,2018-01,median_daily_amount_thousand_cny
81,600703.SH,907709.8005,1095956.0055909092,22,,,,2018-01,median_daily_amount_thousand_cny
82,600276.SH,904741.3715,942106.9737727273,22,,,,2018-01,median_daily_amount_thousand_cny
83,002110.SZ,893475.242,959653.4551363636,22,,,,2018-01,median_daily_amount_thousand_cny
84,000425.SZ,891772.0789999999,931825.0697272726,22,,,,2018-01,median_daily_amount_thousand_cny
85,002405.SZ,890697.4885,879445.3279545455,22,,,,2018-01,median_daily_amount_thousand_cny
86,300156.SZ,882285.335,1013743.8235454545,11,,,,2018-01,median_daily_amount_thousand_cny
87,000933.SZ,871568.9265000001,948835.9040454545,22,,,,2018-01,median_daily_amount_thousand_cny
88,002001.SZ,869902.1340000001,1009558.8224090908,22,,,,2018-01,median_daily_amount_thousand_cny
89,000069.SZ,860089.904,996845.8080000001,22,,,,2018-01,median_daily_amount_thousand_cny
90,000568.SZ,849544.6205,870695.8586818181,22,,,,2018-01,median_daily_amount_thousand_cny
91,600522.SH,835109.029,842479.8447272726,22,,,,2018-01,median_daily_amount_thousand_cny
92,002456.SZ,833185.202,873649.3391818182,22,,,,2018-01,median_daily_amount_thousand_cny
93,601628.SH,831885.279,857572.9268181819,22,,,,2018-01,median_daily_amount_thousand_cny
94,300017.SZ,828736.54,1068888.8806818181,22,,,,2018-01,median_daily_amount_thousand_cny
95,002024.SZ,808077.6784999999,920479.2612272728,22,,,,2018-01,median_daily_amount_thousand_cny
96,000671.SZ,806295.8385000001,810976.8280454546,22,,,,2018-01,median_daily_amount_thousand_cny
97,000786.SZ,799422.0045,892594.9408636364,22,,,,2018-01,median_daily_amount_thousand_cny
98,601225.SH,793660.592,914016.8495,22,,,,2018-01,median_daily_amount_thousand_cny
99,603019.SH,776850.7885,819732.135590909,22,,,,2018-01,median_daily_amount_thousand_cny
100,002027.SZ,774302.548,864742.2818181817,22,,,,2018-01,median_daily_amount_thousand_cny
