Date,股票代码,Open,Close,High,Low,Volume,Amount,振幅,PctChg,涨跌额,Turnover
2025-05-29,002594,118.54,119.05,120.68,117.04,192061,6942900394.87,3.04,-0.49,-0.59,1.65
2025-05-30,002594,117.68,116.11,118.28,115.78,190560,6733498590.72,2.1,-2.47,-2.94,1.64
2025-06-03,002594,115.76,117.34,118.01,115.01,181893,6453885813.19,2.58,1.06,1.23,1.56
2025-06-04,002594,118.51,118.85,120.12,118.06,146904,5311224036.65,1.76,1.29,1.51,1.26
2025-06-05,002594,119.47,118.93,119.59,117.35,108613,3908084317.51,1.88,0.07,0.08,0.93
2025-06-06,002594,119.01,118.66,119.47,117.84,89698,3228098167.59,1.37,-0.23,-0.27,0.77
2025-06-09,002594,117.38,114.72,117.48,113.71,255091,8932441522.56,3.18,-3.32,-3.94,2.19
2025-06-10,002594,115.21,116.39,117.01,114.75,171786,6042960183.12,1.97,1.46,1.67,1.48
2025-06-11,002594,116.68,119.34,120.67,116.68,203107,7326544793.73,3.43,2.53,2.95,1.75
2025-06-12,002594,118.64,116.42,118.64,116.35,144047,5117764843.95,1.92,-2.45,-2.92,1.24
2025-06-13,002594,115.18,114.01,115.31,112.51,210240,7256548253.58,2.41,-2.07,-2.41,1.81
2025-06-16,002594,114.01,113.49,114.36,112.28,102284,3508947839.19,1.82,-0.46,-0.52,0.88
2025-06-17,002594,113.34,113.26,114.14,112.81,70045,2408912943.95,1.17,-0.2,-0.23,0.6
2025-06-18,002594,112.95,114.33,115.08,112.67,102897,3565398001.68,2.13,0.94,1.07,0.89
2025-06-19,002594,113.35,112.18,113.77,112.13,100381,3437688886.94,1.43,-1.88,-2.15,0.86
2025-06-20,002594,112.02,112.09,113.0,111.94,73538,2507526429.81,0.94,-0.08,-0.09,0.63
2025-06-23,002594,110.96,111.41,111.91,109.88,94593,3185477391.05,1.81,-0.61,-0.68,0.81
2025-06-24,002594,112.42,113.14,114.08,112.42,144713,4979495319.17,1.49,1.55,1.73,1.24
2025-06-25,002594,114.01,115.1,115.25,113.02,125738,4352301719.65,1.97,1.73,1.96,1.08
2025-06-26,002594,113.45,111.16,113.45,110.95,204932,6967640374.17,2.17,-3.42,-3.94,1.76
2025-06-27,002594,110.01,110.09,110.92,109.82,138617,4633461708.45,0.99,-0.96,-1.07,1.19
2025-06-30,002594,110.09,109.31,110.09,108.21,144003,4768270278.13,1.71,-0.71,-0.78,1.24
2025-07-01,002594,108.78,109.12,109.79,108.27,88518,2931303336.66,1.39,-0.17,-0.19,0.76
2025-07-02,002594,109.34,108.9,109.96,108.32,93270,3083342650.35,1.5,-0.2,-0.22,0.8
2025-07-03,002594,109.0,110.2,110.43,108.9,123498,4123732531.23,1.4,1.19,1.3,1.06
2025-07-04,002594,109.53,109.01,110.34,108.6,104104,3454495463.05,1.58,-1.08,-1.19,0.9
2025-07-07,002594,108.41,108.21,108.84,108.16,88208,2901015557.38,0.62,-0.73,-0.8,0.76
2025-07-08,002594,107.68,107.64,108.6,107.25,116918,3825413668.2,1.25,-0.53,-0.57,1.01
2025-07-09,002594,107.64,107.28,108.08,107.27,121633,3969384130.1,0.75,-0.33,-0.36,1.05
2025-07-10,002594,107.28,105.75,107.37,104.96,210022,6741345468.09,2.25,-1.43,-1.53,1.81
2025-07-11,002594,105.31,106.65,107.63,105.02,168270,5456832017.95,2.47,0.85,0.9,1.45
2025-07-14,002594,106.65,104.84,106.65,104.53,172309,5502331853.72,1.99,-1.7,-1.81,1.48
2025-07-15,002594,104.74,106.36,107.01,104.68,162791,5252631321.92,2.22,1.45,1.52,1.4
2025-07-16,002594,106.36,106.58,107.31,106.36,110758,3594544238.09,0.89,0.21,0.22,0.95
2025-07-17,002594,107.01,108.02,108.25,106.71,156891,5138610960.73,1.44,1.35,1.44,1.35
2025-07-18,002594,108.39,108.38,108.51,107.09,136866,4482466755.08,1.31,0.33,0.36,1.18
2025-07-21,002594,108.01,110.05,110.05,107.76,153945,5102459145.61,2.11,1.54,1.67,1.32
2025-07-22,002594,110.34,112.57,112.68,109.75,214164,7227731006.63,2.66,2.29,2.52,1.84
2025-07-23,002594,112.71,111.37,113.01,111.01,158907,5395840274.18,1.78,-1.07,-1.2,1.37
2025-07-24,002594,111.37,112.92,114.19,111.22,189063,6489370095.95,2.67,1.39,1.55,1.63
2025-07-25,002594,112.34,111.32,112.48,110.34,157041,5307866610.59,1.9,-1.42,-1.6,1.35
2025-07-28,002594,111.32,111.01,111.71,110.52,117057,3947000993.53,1.07,-0.28,-0.31,1.01
2025-07-29,002594,112.01,111.42,112.5,109.77,387360,4322742015.41,2.46,0.37,0.41,1.11
2025-07-30,002594,108.05,108.7,111.16,107.12,524834,5743878668.38,3.63,-2.44,-2.72,1.51
2025-07-31,002594,108.2,105.24,108.2,105.0,599499,6344900790.83,2.94,-3.18,-3.46,1.72
2025-08-01,002594,104.95,105.8,106.24,104.36,362337,3816659557.87,1.79,0.53,0.56,1.04
2025-08-04,002594,104.0,104.88,105.14,102.57,412937,4293903589.58,2.43,-0.87,-0.92,1.18
2025-08-05,002594,104.88,104.86,105.21,103.78,338350,3539636639.53,1.36,-0.02,-0.02,0.97
2025-08-06,002594,104.86,104.35,105.0,103.9,305620,3184784992.59,1.05,-0.49,-0.51,0.88
2025-08-07,002594,104.27,105.33,106.43,104.16,428763,4526612773.43,2.18,0.94,0.98,1.23
2025-08-08,002594,105.0,103.93,105.03,103.91,326615,3405317252.01,1.06,-1.33,-1.4,0.94
2025-08-11,002594,103.88,105.52,105.66,103.23,356698,3741329572.1,2.34,1.53,1.59,1.02
2025-08-12,002594,105.4,105.67,106.43,104.7,312195,3302639096.41,1.64,0.14,0.15,0.9
2025-08-13,002594,106.29,106.83,107.65,105.84,459830,4908744877.15,1.71,1.1,1.16,1.32
2025-08-14,002594,107.37,106.37,107.5,105.79,419548,4478119017.41,1.6,-0.43,-0.46,1.2
2025-08-15,002594,105.85,106.07,106.64,105.32,361353,3831047052.11,1.24,-0.28,-0.3,1.04
2025-08-18,002594,105.66,108.37,109.49,105.66,619252,6680761816.28,3.61,2.17,2.3,1.78
2025-08-19,002594,108.67,107.63,108.92,107.18,389735,4205349328.86,1.61,-0.68,-0.74,1.12
2025-08-20,002594,107.18,108.25,108.26,106.01,385053,4130459251.5,2.09,0.58,0.62,1.1
2025-08-21,002594,107.8,107.1,108.83,107.0,449464,4843670255.1,1.69,-1.06,-1.15,1.29
2025-08-22,002594,107.11,110.66,110.97,107.11,763120,8351469725.95,3.6,3.32,3.56,2.19
2025-08-25,002594,111.31,111.61,112.49,110.31,611628,6803182882.92,1.97,0.86,0.95,1.75
2025-08-26,002594,111.75,113.75,114.69,110.71,692916,7850511029.36,3.57,1.92,2.14,1.99
2025-08-27,002594,113.96,110.68,114.06,110.66,689747,7761766930.98,2.99,-2.7,-3.07,1.98
2025-08-28,002594,109.39,109.32,110.19,107.11,762522,8278465955.83,2.78,-1.23,-1.36,2.19
2025-08-29,002594,108.88,114.06,116.59,108.12,1144902,12973326090.99,7.75,4.34,4.74,3.28
2025-09-01,002594,108.5,109.7,111.48,108.5,1329867,14546890246.63,2.61,-3.82,-4.36,3.81
2025-09-02,002594,108.79,110.02,111.1,108.6,773224,8495472755.14,2.28,0.29,0.32,2.22
2025-09-03,002594,110.5,107.21,110.73,107.01,735223,7975948715.56,3.38,-2.55,-2.81,2.11
2025-09-04,002594,106.59,104.0,107.09,103.71,815741,8588835880.93,3.15,-2.99,-3.21,2.34
2025-09-05,002594,103.86,107.26,107.5,103.11,787524,8307907947.57,4.22,3.13,3.26,2.26
2025-09-08,002594,106.15,106.25,107.13,105.51,555923,5910440231.73,1.51,-0.94,-1.01,1.59
2025-09-09,002594,106.0,105.49,107.2,105.27,381636,4049249506.54,1.82,-0.72,-0.76,1.09
2025-09-10,002594,105.52,105.2,106.45,105.02,322369,3401353898.36,1.36,-0.27,-0.29,0.92
2025-09-11,002594,105.25,106.59,106.6,104.89,537781,5683446688.51,1.63,1.32,1.39,1.54
2025-09-12,002594,106.6,105.91,107.58,105.9,455910,4859782579.06,1.58,-0.64,-0.68,1.31
2025-09-15,002594,106.0,108.7,110.85,106.0,974804,10620465040.63,4.58,2.63,2.79,2.8
2025-09-16,002594,109.0,107.8,109.0,107.22,533160,5753437964.22,1.64,-0.83,-0.9,1.53
2025-09-17,002594,108.2,110.99,112.0,108.2,981240,10827682692.16,3.53,2.96,3.19,2.81
2025-09-18,002594,110.99,109.71,112.8,108.56,934014,10362193293.46,3.82,-1.15,-1.28,2.68
2025-09-19,002594,109.8,109.09,110.8,109.0,472977,5188176204.4,1.64,-0.57,-0.62,1.36
2025-09-22,002594,108.87,107.99,108.91,107.15,491559,5293961578.02,1.61,-1.01,-1.1,1.41
2025-09-23,002594,107.45,105.6,107.69,104.64,650963,6888232045.71,2.82,-2.21,-2.39,1.87
2025-09-24,002594,105.0,105.71,105.83,104.0,548162,5758922304.81,1.73,0.1,0.11,1.57
2025-09-25,002594,105.34,107.5,108.8,104.87,693482,7421942404.64,3.72,1.69,1.79,1.99
2025-09-26,002594,107.45,107.29,111.23,107.0,756612,8250492997.18,3.93,-0.2,-0.21,2.17
2025-09-29,002594,107.0,108.61,109.14,106.39,613984,6621874267.35,2.56,1.23,1.32,1.76
2025-09-30,002594,108.19,109.21,109.98,107.76,567756,6200518749.86,2.04,0.55,0.6,1.63
2025-10-09,002594,108.67,110.6,112.48,108.07,1008722,11196004666.78,4.04,1.27,1.39,2.89
2025-10-10,002594,110.55,107.79,110.55,107.58,590103,6420415513.32,2.69,-2.54,-2.81,1.69
2025-10-13,002594,105.0,105.69,105.98,104.1,744430,7841774365.12,1.74,-1.95,-2.1,2.13
2025-10-14,002594,106.68,105.99,109.36,105.62,767786,8244228528.63,3.54,0.28,0.3,2.2
2025-10-15,002594,106.45,107.1,107.51,105.5,475791,5063179652.06,1.9,1.05,1.11,1.36
2025-10-16,002594,107.0,106.96,109.3,106.51,523096,5628738804.39,2.61,-0.13,-0.14,1.5
2025-10-17,002594,106.6,104.43,106.63,104.26,625725,6576614911.1,2.22,-2.37,-2.53,1.79
2025-10-20,002594,105.22,104.52,105.63,104.08,355615,3721699722.1,1.48,0.09,0.09,1.02
2025-10-21,002594,104.69,104.76,105.07,104.24,299074,3133789475.42,0.79,0.23,0.24,0.86
2025-10-22,002594,104.1,103.78,104.32,103.37,357874,3715302135.68,0.91,-0.94,-0.98,1.03
2025-10-23,002594,103.3,103.69,103.73,102.0,378603,3889661810.81,1.67,-0.09,-0.09,1.09
2025-10-24,002594,103.98,103.76,104.37,103.61,305543,3173964302.23,0.73,0.07,0.07,0.88
2025-10-27,002594,104.0,104.01,104.97,103.88,345988,3607756848.47,1.05,0.24,0.25,0.99
2025-10-28,002594,104.02,103.72,104.32,103.5,265416,2755526046.73,0.79,-0.28,-0.29,0.76
2025-10-29,002594,103.73,104.52,105.18,103.0,397340,4128608368.72,2.1,0.77,0.8,1.14
2025-10-30,002594,104.0,103.61,104.86,103.5,358989,3733925602.84,1.3,-0.87,-0.91,1.03
2025-10-31,002594,101.0,100.79,101.32,100.0,637053,6418551106.33,1.27,-2.72,-2.82,1.83
2025-11-03,002594,100.79,99.6,100.99,98.5,551670,5472679664.54,2.47,-1.18,-1.19,1.58
2025-11-04,002594,99.0,97.8,99.54,97.71,435017,4274197473.75,1.84,-1.81,-1.8,1.25
2025-11-05,002594,96.66,95.8,96.66,94.73,587215,5617215879.19,1.97,-2.04,-2.0,1.68
2025-11-06,002594,95.58,97.52,97.75,95.4,402004,3897723836.01,2.45,1.8,1.72,1.15
2025-11-07,002594,97.0,97.2,98.15,96.83,322561,3145817990.54,1.35,-0.33,-0.32,0.92
2025-11-10,002594,97.35,99.39,100.35,97.35,554877,5513238812.76,3.09,2.25,2.19,1.59
2025-11-11,002594,99.5,98.71,99.78,98.14,319858,3161124109.67,1.65,-0.68,-0.68,0.92
2025-11-12,002594,98.8,97.77,98.99,97.54,260643,2555847684.22,1.47,-0.95,-0.94,0.75
2025-11-13,002594,97.01,99.83,100.5,97.01,579990,5759429263.98,3.57,2.11,2.06,1.66
2025-11-14,002594,99.0,98.37,100.5,98.33,342985,3396134915.94,2.17,-1.46,-1.46,0.98
2025-11-17,002594,97.8,98.08,98.59,97.25,207248,2029207778.62,1.36,-0.29,-0.29,0.59
2025-11-18,002594,97.54,96.49,97.85,96.02,304756,2949162764.52,1.87,-1.62,-1.59,0.87
2025-11-19,002594,96.4,95.17,96.66,95.01,348292,3327809283.94,1.71,-1.37,-1.32,1.0
2025-11-20,002594,95.17,93.61,95.5,93.5,391811,3692348084.89,2.1,-1.64,-1.56,1.12
2025-11-21,002594,92.49,92.7,94.39,91.7,451713,4182916492.54,2.87,-0.97,-0.91,1.3
2025-11-24,002594,93.1,93.93,94.41,92.2,327302,3064736738.52,2.38,1.33,1.23,0.94
2025-11-25,002594,94.0,93.91,95.38,93.7,277489,2620855758.23,1.79,-0.02,-0.02,0.8
2025-11-26,002594,94.75,95.09,95.44,94.45,306577,2914626392.7,1.05,1.26,1.18,0.88
2025-11-27,002594,94.6,94.29,95.16,94.22,202280,1915349541.08,0.99,-0.84,-0.8,0.58
2025-11-28,002594,94.6,95.17,95.23,94.2,219351,2080615710.1,1.09,0.93,0.88,0.63
2025-12-01,002594,95.39,95.77,96.3,95.14,233713,2237016414.3,1.22,0.63,0.6,0.67
2025-12-02,002594,96.42,96.62,97.8,96.25,359217,3483571735.4,1.62,0.89,0.85,1.03
2025-12-03,002594,96.64,95.05,96.65,94.89,231573,2207429345.9,1.82,-1.62,-1.57,0.66
2025-12-04,002594,94.92,95.24,95.29,94.2,166142,1576759405.22,1.15,0.2,0.19,0.48
2025-12-05,002594,95.29,95.98,96.22,94.71,211618,2021250208.5,1.59,0.78,0.74,0.61
2025-12-08,002594,96.21,96.53,97.15,96.21,247805,2397261754.42,0.98,0.57,0.55,0.71
2025-12-09,002594,96.21,96.03,96.66,95.7,163227,1568057388.33,0.99,-0.52,-0.5,0.47
2025-12-10,002594,95.6,96.47,96.65,94.9,198402,1902988179.72,1.82,0.46,0.44,0.57
2025-12-11,002594,96.98,96.23,97.12,95.85,250908,2422448208.27,1.32,-0.25,-0.24,0.72
2025-12-12,002594,96.2,97.0,97.7,95.65,554621,5390456375.38,2.13,0.8,0.77,1.59
2025-12-15,002594,96.55,95.53,97.16,95.53,293301,2824248327.37,1.68,-1.52,-1.47,0.84
2025-12-16,002594,95.5,94.25,95.7,94.14,258768,2450336536.01,1.63,-1.34,-1.28,0.74
2025-12-17,002594,94.5,95.21,95.7,93.68,272825,2584139144.72,2.14,1.02,0.96,0.78
2025-12-18,002594,94.39,93.53,94.6,93.5,252797,2376126962.27,1.16,-1.76,-1.68,0.72
2025-12-19,002594,94.0,94.23,95.27,93.73,272068,2573037717.75,1.65,0.75,0.7,0.78
2025-12-22,002594,94.7,94.37,95.36,94.25,206235,1952361858.31,1.18,0.15,0.14,0.59
2025-12-23,002594,94.5,94.81,95.5,94.5,236617,2247679864.35,1.06,0.47,0.44,0.68
2025-12-24,002594,94.8,94.42,94.8,94.05,192810,1819358258.51,0.79,-0.41,-0.39,0.55
2025-12-25,002594,94.43,94.84,95.23,94.12,182202,1725723850.6,1.18,0.44,0.42,0.52
2025-12-26,002594,95.28,100.01,101.45,95.25,1020959,10178557961.83,6.54,5.45,5.17,2.93
2025-12-29,002594,100.5,100.21,101.3,99.6,519167,5209488142.03,1.7,0.2,0.2,1.49
2025-12-30,002594,99.26,99.75,100.15,98.74,318756,3174697985.99,1.41,-0.46,-0.46,0.91
2025-12-31,002594,99.98,97.72,100.2,97.38,402859,3955310311.36,2.83,-2.04,-2.03,1.16
2026-01-05,002594,98.4,98.11,99.48,97.9,382625,3762797878.26,1.62,0.4,0.39,1.1
2026-01-06,002594,98.22,99.99,100.5,98.12,521785,5185026166.42,2.43,1.92,1.88,1.5
2026-01-07,002594,99.96,97.6,99.96,97.06,560849,5502570730.88,2.9,-2.39,-2.39,1.61
2026-01-08,002594,97.2,96.88,97.2,96.33,300655,2908439428.93,0.89,-0.74,-0.72,0.86
2026-01-09,002594,97.05,97.01,97.95,96.9,350341,3412630184.79,1.08,0.13,0.13,1.0
2026-01-12,002594,97.01,97.47,98.0,96.3,425257,4125432529.12,1.75,0.47,0.46,1.22
2026-01-13,002594,99.0,97.19,99.6,96.88,498723,4905229941.76,2.79,-0.29,-0.28,1.43
2026-01-14,002594,96.81,96.1,97.74,95.51,514750,4975154616.41,2.29,-1.12,-1.09,1.48
2026-01-15,002594,96.08,95.67,96.64,95.6,295635,2835803089.86,1.08,-0.45,-0.43,0.85
2026-01-16,002594,96.7,95.86,97.44,95.6,384588,3705328915.52,1.92,0.2,0.19,1.1
2026-01-19,002594,96.81,96.19,97.3,95.77,334927,3227653861.74,1.6,0.34,0.33,0.96
2026-01-20,002594,96.22,94.74,96.26,94.68,389149,3699337566.25,1.64,-1.51,-1.45,1.12
2026-01-21,002594,94.01,94.1,94.94,94.0,308334,2910327666.12,0.99,-0.68,-0.64,0.88
2026-01-22,002594,94.72,94.12,95.13,93.89,291014,2741536605.29,1.32,0.02,0.02,0.83
2026-01-23,002594,94.24,93.65,94.36,93.51,383303,3598066420.86,0.9,-0.5,-0.47,1.1
2026-01-26,002594,93.65,92.63,93.66,92.5,375460,3485372554.28,1.24,-1.09,-1.02,1.08
2026-01-27,002594,92.67,91.81,92.99,91.8,362981,3340756010.26,1.28,-0.89,-0.82,1.04
2026-01-28,002594,91.8,93.34,93.5,90.01,715566,6553150013.29,3.8,1.67,1.53,2.05
2026-01-29,002594,92.66,92.31,92.92,91.61,371825,3423462524.93,1.4,-1.1,-1.03,1.07
2026-01-30,002594,92.27,90.89,92.27,90.7,329176,3001871204.27,1.7,-1.54,-1.42,0.94
2026-02-02,002594,88.0,87.05,89.09,86.97,646974,5676850726.51,2.33,-4.22,-3.84,1.86
2026-02-03,002594,87.2,87.37,87.4,85.88,377827,3275997178.85,1.75,0.37,0.32,1.08
2026-02-04,002594,86.99,89.14,89.33,86.45,376505,3322530225.39,3.3,2.03,1.77,1.08
2026-02-05,002594,88.5,90.11,91.23,88.33,354240,3184480192.98,3.25,1.09,0.97,1.02
2026-02-06,002594,89.39,89.82,90.66,89.0,247088,2217096985.32,1.84,-0.32,-0.29,0.71
2026-02-09,002594,90.5,90.06,90.65,89.83,208180,1875980039.28,0.91,0.27,0.24,0.6
2026-02-10,002594,90.0,90.81,91.57,89.84,267605,2434219974.85,1.92,0.83,0.75,0.77
2026-02-11,002594,90.88,92.28,92.95,90.88,396950,3662117778.54,2.28,1.62,1.47,1.14
2026-02-12,002594,92.29,91.16,92.35,91.08,230313,2106032227.12,1.38,-1.21,-1.12,0.66
2026-02-13,002594,90.05,90.27,91.09,89.88,217339,1963579416.68,1.33,-0.98,-0.89,0.62
2026-02-24,002594,91.98,90.87,91.99,90.61,206445,1879888761.45,1.53,0.66,0.6,0.59
2026-02-25,002594,90.89,91.45,92.79,90.89,324780,2985714580.09,2.09,0.64,0.58,0.93
2026-02-26,002594,91.4,89.85,91.4,89.61,291019,2619922211.49,1.96,-1.75,-1.6,0.83
2026-02-27,002594,89.4,89.32,89.94,89.1,219341,1962319079.4,0.93,-0.59,-0.53,0.63
2026-03-02,002594,88.0,96.79,97.25,87.72,1435137,13507227574.29,10.67,8.36,7.47,4.12
2026-03-03,002594,96.39,95.21,96.99,93.99,865741,8272503575.74,3.1,-1.63,-1.58,2.48
2026-03-04,002594,95.2,95.99,96.8,93.7,700969,6674964517.79,3.26,0.82,0.78,2.01
2026-03-05,002594,96.8,94.47,96.82,93.89,552440,5235746090.45,3.05,-1.58,-1.52,1.58
2026-03-06,002594,96.0,93.62,96.0,93.25,503540,4743654924.93,2.91,-0.9,-0.85,1.44
2026-03-09,002594,93.62,97.52,98.0,93.0,1093409,10562485734.53,5.34,4.17,3.9,3.14
2026-03-10,002594,97.18,96.6,97.49,96.08,507462,4907397250.96,1.45,-0.94,-0.92,1.46
2026-03-11,002594,96.75,99.22,100.34,95.67,903744,8925093667.94,4.83,2.71,2.62,2.59
2026-03-12,002594,99.23,99.1,100.69,98.7,502524,4995016177.19,2.01,-0.12,-0.12,1.44
2026-03-13,002594,99.0,99.67,100.79,98.3,519765,5199004697.47,2.51,0.58,0.57,1.49
2026-03-16,002594,99.67,104.62,105.0,98.79,1087814,11184164654.67,6.23,4.97,4.95,3.12
2026-03-17,002594,104.63,102.87,106.66,102.71,841389,8793237612.73,3.78,-1.67,-1.75,2.41
2026-03-18,002594,102.82,101.69,102.82,100.05,617996,6257459329.85,2.69,-1.15,-1.18,1.77
2026-03-19,002594,100.99,102.31,103.88,100.47,531059,5450382395.36,3.35,0.61,0.62,1.52
2026-03-20,002594,102.0,103.03,104.45,101.56,628783,6495105103.63,2.82,0.7,0.72,1.8
2026-03-23,002594,103.87,107.63,111.82,103.18,1782446,19284919428.95,8.39,4.46,4.6,5.11
2026-03-24,002594,108.4,106.64,108.4,104.93,921446,9784806490.81,3.22,-0.92,-0.99,2.64
2026-03-25,002594,106.72,106.6,107.66,105.28,662665,7061311677.57,2.23,-0.04,-0.04,1.9
2026-03-26,002594,106.62,103.14,107.68,102.7,828121,8655663075.43,4.67,-3.25,-3.46,2.38
2026-03-27,002594,103.99,105.3,105.89,102.75,658455,6893710025.99,3.04,2.09,2.16,1.89
2026-03-30,002594,103.51,106.05,108.0,103.25,727557,7713482118.31,4.51,0.71,0.75,2.09
2026-03-31,002594,107.0,105.25,108.49,105.1,588659,6283345063.15,3.2,-0.75,-0.8,1.69
2026-04-01,002594,105.9,102.65,106.5,102.37,715198,7383168511.54,3.92,-2.47,-2.6,2.05
2026-04-02,002594,102.49,101.65,103.48,100.5,604349,6153958207.6,2.9,-0.97,-1.0,1.73
2026-04-03,002594,101.8,99.01,102.3,99.0,491745,4921224065.51,3.25,-2.6,-2.64,1.41
2026-04-07,002594,99.5,97.98,99.77,97.45,379697,3731963029.9,2.34,-1.04,-1.03,1.09
2026-04-08,002594,98.5,101.22,101.28,98.11,562818,5621410290.06,3.24,3.31,3.24,1.61
2026-04-09,002594,100.21,99.03,100.21,98.81,379063,3764528220.2,1.38,-2.16,-2.19,1.09
2026-04-10,002594,99.39,101.67,102.2,99.03,605731,6130392651.86,3.2,2.67,2.64,1.74
2026-04-13,002594,101.57,104.25,104.99,100.81,663136,6887089022.36,4.11,2.54,2.58,1.9
2026-04-14,002594,103.0,103.82,104.19,102.5,543343,5614541232.06,1.62,-0.41,-0.43,1.56
2026-04-15,002594,103.82,103.03,104.77,102.5,428719,4431952619.71,2.19,-0.76,-0.79,1.23
2026-04-16,002594,103.28,105.54,105.97,103.28,643661,6763624066.88,2.61,2.44,2.51,1.85
2026-04-17,002594,104.99,103.78,105.46,103.12,442048,4595671718.33,2.22,-1.67,-1.76,1.27
2026-04-20,002594,103.78,102.91,103.95,102.62,383677,3957213043.27,1.28,-0.84,-0.87,1.1
2026-04-21,002594,102.91,101.53,103.19,101.33,432258,4398233494.97,1.81,-1.34,-1.38,1.24
2026-04-22,002594,101.11,101.62,102.38,100.6,343733,3485648244.02,1.75,0.09,0.09,0.99
2026-04-23,002594,101.57,99.98,101.59,99.01,492164,4915554212.21,2.54,-1.61,-1.64,1.41
2026-04-24,002594,99.91,99.46,99.91,98.7,337739,3348015918.73,1.21,-0.52,-0.52,0.97
2026-04-27,002594,100.0,102.34,104.0,99.88,601670,6169037081.86,4.14,2.9,2.88,1.73
2026-04-28,002594,101.85,101.48,103.3,101.34,361550,3687912785.41,1.92,-0.84,-0.86,1.04
2026-04-29,002594,101.47,105.4,105.64,101.0,1056558,11021927729.24,4.57,3.86,3.92,3.03
2026-04-30,002594,104.54,102.98,105.45,102.37,600979,6206126903.48,2.92,-2.3,-2.42,1.72
2026-05-06,002594,101.7,100.75,101.89,100.2,670487,6746578445.37,1.64,-2.17,-2.23,1.92
2026-05-07,002594,101.05,100.46,101.26,100.01,468846,4708289850.76,1.24,-0.29,-0.29,1.34
2026-05-08,002594,100.47,100.02,101.0,99.8,382158,3823821997.57,1.19,-0.44,-0.44,1.1
2026-05-11,002594,100.02,100.44,100.73,99.0,482810,4812920714.72,1.73,0.42,0.42,1.38
2026-05-12,002594,99.97,99.23,100.1,99.1,353441,3514548835.63,1.0,-1.2,-1.21,1.01
2026-05-13,002594,99.23,98.6,99.25,97.81,456194,4481395883.54,1.45,-0.63,-0.63,1.31
2026-05-14,002594,99.0,98.73,100.0,98.45,339180,3361151176.22,1.57,0.13,0.13,0.97
2026-05-15,002594,98.0,96.3,98.03,96.26,466217,4507893857.51,1.79,-2.46,-2.43,1.34
2026-05-18,002594,95.34,94.51,95.94,94.3,354613,3359745462.56,1.7,-1.86,-1.79,1.02
2026-05-19,002594,94.51,96.0,96.08,93.8,296184,2822346576.25,2.41,1.58,1.49,0.85
2026-05-20,002594,95.3,93.36,95.49,93.3,415010,3900216298.87,2.28,-2.75,-2.64,1.19
2026-05-21,002594,93.41,93.51,96.2,93.41,373950,3540792198.97,2.99,0.16,0.15,1.07
2026-05-22,002594,93.55,93.75,94.19,92.61,268592,2510615943.9,1.69,0.26,0.24,0.77
2026-05-25,002594,95.0,95.96,97.21,95.0,405995,3900848661.64,2.36,2.36,2.21,1.16
2026-05-26,002594,95.8,96.55,96.92,94.51,386524,3720039550.6,2.51,0.61,0.59,1.11
2026-05-27,002594,96.0,95.22,97.27,94.66,362374,3467882770.14,2.7,-1.38,-1.33,1.04
2026-05-28,002594,95.22,95.88,95.99,94.03,314590,2991315169.93,2.06,0.69,0.66,0.9
2026-05-29,002594,98.9,96.18,99.5,96.13,606294,5901286621.17,3.51,0.31,0.3,1.74
2026-06-01,002594,96.18,93.65,96.22,93.6,445981,4207350429.92,2.72,-2.63,-2.53,1.28
2026-06-02,002594,96.0,96.76,96.88,94.31,554964,5321331038.06,2.74,3.32,3.11,1.59
2026-06-03,002594,96.0,94.82,96.0,94.5,370434,3514157745.47,1.55,-2.0,-1.94,1.06
2026-06-04,002594,93.6,93.44,94.39,93.1,318712,2982999607.13,1.36,-1.46,-1.38,0.91
2026-06-05,002594,93.52,93.01,94.0,92.3,339969,3159266076.03,1.82,-0.46,-0.43,0.98
2026-06-08,002594,91.0,91.19,92.02,90.3,316844,2885879183.01,1.85,-1.96,-1.82,0.91
2026-06-09,002594,91.22,91.89,91.92,90.03,281927,2562232961.09,2.07,0.77,0.7,0.81
2026-06-10,002594,91.0,90.31,91.0,90.1,241287,2182297137.41,0.98,-1.72,-1.58,0.69
2026-06-11,002594,90.1,89.8,90.8,88.88,315087,2821436895.48,2.13,-0.56,-0.51,0.9
2026-06-12,002594,89.9,91.6,91.78,89.25,385352,3497028504.68,2.82,2.0,1.8,1.11
2026-06-15,002594,91.61,90.82,91.9,90.4,312979,2847656616.85,1.64,-0.85,-0.78,0.9
2026-06-16,002594,90.35,89.64,90.5,89.5,336019,3017362612.74,1.1,-1.3,-1.18,0.96
2026-06-17,002594,89.0,87.47,89.3,87.0,495267,4335318667.7,2.57,-2.42,-2.17,1.42
2026-06-18,002594,87.0,88.13,89.33,86.08,435790,3820166909.92,3.72,0.75,0.66,1.25
2026-06-22,002594,87.0,87.59,87.9,84.6,637242,5467321886.39,3.74,-0.61,-0.54,1.83
2026-06-23,002594,86.91,85.0,88.32,84.75,466217,4016365834.08,4.08,-2.96,-2.59,1.34
2026-06-24,002594,84.5,83.3,84.7,82.78,455735,3803649805.54,2.26,-2.0,-1.7,1.31
2026-06-25,002594,82.8,82.2,83.81,81.34,556432,4579273325.4,2.97,-1.32,-1.1,1.6
2026-06-26,002594,81.51,78.2,81.8,78.2,663208,5267490277.75,4.38,-4.87,-4.0,1.9
2026-06-29,002594,78.2,79.64,80.95,77.6,523707,4160734872.56,4.28,1.84,1.44,1.5
2026-06-30,002594,79.58,79.7,80.55,78.58,382043,3031865049.19,2.47,0.08,0.06,1.1
2026-07-01,002594,79.9,80.66,81.65,78.55,503177,4035250996.65,3.89,1.2,0.96,1.44
2026-07-02,002594,81.9,83.57,85.67,81.9,825046,6956783955.3,4.67,3.61,2.91,2.37
2026-07-03,002594,83.73,88.47,88.88,83.6,838982,7298140284.07,6.32,5.86,4.9,2.41
