Date,股票代码,Open,Close,High,Low,Volume,Amount,振幅,PctChg,涨跌额,Turnover
2025-06-26,03690,130.1,130.0,131.2,128.6,36118238.0,,,,,
2025-06-27,03690,129.6,129.4,131.2,128.5,44855347.0,,2.0769,-0.4615,-0.6,
2025-06-30,03690,128.6,125.3,128.9,125.3,71889200.0,,2.7821,-3.1685,-4.1,
2025-07-02,03690,127.2,126.0,127.8,124.0,49628850.0,,3.0327,0.5587,0.7,
2025-07-03,03690,124.9,122.8,125.5,122.4,67794577.0,,2.4603,-2.5397,-3.2,
2025-07-04,03690,121.3,120.8,123.2,119.5,61959326.0,,3.013,-1.6287,-2.0,
2025-07-07,03690,119.4,119.0,119.4,115.8,83139176.0,,2.9801,-1.4901,-1.8,
2025-07-08,03690,117.6,122.2,122.5,116.8,61606923.0,,4.7899,2.6891,3.2,
2025-07-09,03690,121.5,119.2,122.1,118.8,49539878.0,,2.7005,-2.455,-3.0,
2025-07-10,03690,118.0,118.6,120.5,117.5,46874068.0,,2.5168,-0.5034,-0.6,
2025-07-11,03690,118.5,120.0,122.9,117.2,59292989.0,,4.8061,1.1804,1.4,
2025-07-14,03690,119.8,120.9,121.6,118.3,37669963.0,,2.75,0.75,0.9,
2025-07-15,03690,121.0,126.2,126.5,120.8,89410007.0,,4.7146,4.3838,5.3,
2025-07-16,03690,127.8,124.1,129.6,123.8,68803291.0,,4.5959,-1.664,-2.1,
2025-07-17,03690,125.4,125.5,127.4,125.0,40731440.0,,1.9339,1.1281,1.4,
2025-07-18,03690,127.8,127.3,129.1,126.7,40295446.0,,1.9124,1.4343,1.8,
2025-07-21,03690,133.0,130.8,133.7,130.1,83230227.0,,2.828,2.7494,3.5,
2025-07-22,03690,130.9,129.0,131.5,127.2,56136421.0,,3.2875,-1.3761,-1.8,
2025-07-23,03690,131.0,133.2,134.2,128.2,72661334.0,,4.6512,3.2558,4.2,
2025-07-24,03690,133.0,134.4,136.1,132.0,56625778.0,,3.0781,0.9009,1.2,
2025-07-25,03690,134.4,130.1,135.4,129.7,50780870.0,,4.2411,-3.1994,-4.3,
2025-07-28,03690,130.7,129.4,131.3,129.0,35482986.0,,1.7679,-0.538,-0.7,
2025-07-29,03690,129.1,128.6,129.2,126.2,42962406.0,,2.3184,-0.6182,-0.8,
2025-07-30,03690,127.0,127.4,130.6,125.8,46172472.0,,3.7325,-0.9331,-1.2,
2025-07-31,03690,123.5,121.6,123.6,120.5,96061772.0,,2.4333,-4.5526,-5.8,
2025-08-01,03690,121.1,122.2,125.9,121.1,55437231.0,,3.9474,0.4934,0.6,
2025-08-04,03690,122.2,123.0,123.2,119.9,34769687.0,,2.7005,0.6547,0.8,
2025-08-05,03690,122.6,122.9,123.2,121.0,30068857.0,,1.7886,-0.0813,-0.1,
2025-08-06,03690,122.8,121.1,122.8,120.3,45089472.0,,2.0342,-1.4646,-1.8,
2025-08-07,03690,121.8,122.0,122.7,120.9,29091754.0,,1.4864,0.7432,0.9,
2025-08-08,03690,121.0,120.8,122.2,120.5,21911956.0,,1.3934,-0.9836,-1.2,
2025-08-11,03690,121.1,119.2,121.3,118.6,39684143.0,,2.2351,-1.3245,-1.6,
2025-08-12,03690,118.4,119.4,119.9,117.8,32006831.0,,1.7617,0.1678,0.2,
2025-08-13,03690,121.0,124.3,124.9,120.5,54998562.0,,3.6851,4.1039,4.9,
2025-08-14,03690,126.2,124.4,127.0,123.7,44651247.0,,2.6549,0.0805,0.1,
2025-08-15,03690,121.9,121.7,122.1,119.6,62448840.0,,2.0096,-2.1704,-2.7,
2025-08-18,03690,121.7,121.5,124.3,120.9,39442216.0,,2.7938,-0.1643,-0.2,
2025-08-19,03690,121.6,120.8,121.8,120.4,31105236.0,,1.1523,-0.5761,-0.7,
2025-08-20,03690,120.0,120.8,121.3,119.7,25371797.0,,1.3245,0.0,0.0,
2025-08-21,03690,121.0,117.1,121.0,116.2,70414468.0,,3.9735,-3.0629,-3.7,
2025-08-22,03690,117.1,118.4,118.6,116.0,55624919.0,,2.2203,1.1102,1.3,
2025-08-25,03690,119.1,122.3,122.9,118.8,82491028.0,,3.4628,3.2939,3.9,
2025-08-26,03690,122.0,120.0,122.0,120.0,46013154.0,,1.6353,-1.8806,-2.3,
2025-08-27,03690,120.0,116.3,120.3,116.1,80540435.0,,3.5,-3.0833,-3.7,
2025-08-28,03690,105.0,101.7,108.3,101.0,309557433.0,,6.2769,-12.5537,-14.6,
2025-08-29,03690,102.4,102.7,103.4,100.2,113304631.0,,3.1465,0.9833,1.0,
2025-09-01,03690,101.5,103.0,104.8,98.0,132661260.0,,6.6212,0.2921,0.3,
2025-09-02,03690,101.7,101.1,102.8,99.8,73829916.0,,2.9126,-1.8447,-1.9,
2025-09-03,03690,101.0,100.5,102.0,99.8,64088481.0,,2.1761,-0.5935,-0.6,
2025-09-04,03690,100.8,101.4,101.9,100.2,63068026.0,,1.6915,0.8955,0.9,
2025-09-05,03690,101.3,103.0,104.2,101.0,101979886.0,,3.1558,1.5779,1.6,
2025-09-08,03690,102.5,102.0,103.8,100.8,96814388.0,,2.9126,-0.9709,-1.0,
2025-09-09,03690,102.0,99.65,102.0,97.1,148686738.0,,4.8039,-2.3039,-2.35,
2025-09-10,03690,98.45,101.7,103.4,98.45,94064361.0,,4.9674,2.0572,2.05,
2025-09-11,03690,100.2,96.55,101.0,96.4,138996794.0,,4.5231,-5.0639,-5.15,
2025-09-12,03690,97.0,96.55,98.05,95.35,108406343.0,,2.7965,0.0,0.0,
2025-09-15,03690,95.7,97.35,97.85,95.35,62754919.0,,2.5893,0.8286,0.8,
2025-09-16,03690,98.0,100.3,101.8,97.55,95908509.0,,4.3657,3.0303,2.95,
2025-09-17,03690,101.1,105.2,106.7,101.0,139083488.0,,5.683,4.8853,4.9,
2025-09-18,03690,104.9,105.5,109.7,104.0,124934835.0,,5.4183,0.2852,0.3,
2025-09-19,03690,105.6,106.3,107.6,104.3,64899879.0,,3.128,0.7583,0.8,
2025-09-22,03690,105.2,103.9,105.5,102.3,70033614.0,,3.0103,-2.2578,-2.4,
2025-09-23,03690,103.8,101.0,104.0,100.3,58944762.0,,3.5611,-2.7911,-2.9,
2025-09-24,03690,100.3,102.2,104.1,100.3,60736788.0,,3.7624,1.1881,1.2,
2025-09-25,03690,101.6,102.3,103.0,100.7,45966392.0,,2.2505,0.0978,0.1,
2025-09-26,03690,101.0,100.6,102.0,100.3,40317300.0,,1.6618,-1.6618,-1.7,
2025-09-29,03690,101.0,102.8,103.8,101.0,58610731.0,,2.7833,2.1869,2.2,
2025-09-30,03690,102.4,104.5,105.3,101.9,71076759.0,,3.3074,1.6537,1.7,
2025-10-02,03690,104.2,105.8,107.5,104.1,62226576.0,,3.2536,1.244,1.3,
2025-10-03,03690,105.8,106.1,106.6,105.1,33287609.0,,1.4178,0.2836,0.3,
2025-10-06,03690,106.1,105.6,107.8,104.9,30205074.0,,2.7333,-0.4713,-0.5,
2025-10-08,03690,105.0,103.7,105.2,102.5,37052377.0,,2.5568,-1.7992,-1.9,
2025-10-09,03690,104.8,103.6,105.8,102.5,48363814.0,,3.1823,-0.0964,-0.1,
2025-10-10,03690,102.5,101.7,103.7,101.2,47852870.0,,2.4131,-1.834,-1.9,
2025-10-13,03690,98.55,99.8,101.0,97.2,85317769.0,,3.7365,-1.8682,-1.9,
2025-10-14,03690,100.1,98.3,101.2,97.85,56742746.0,,3.3567,-1.503,-1.5,
2025-10-15,03690,99.8,99.9,100.3,98.95,39259817.0,,1.3733,1.6277,1.6,
2025-10-16,03690,99.05,98.75,100.1,97.9,33048302.0,,2.2022,-1.1512,-1.15,
2025-10-17,03690,98.55,94.5,98.6,94.05,72221262.0,,4.6076,-4.3038,-4.25,
2025-10-20,03690,97.5,96.65,97.5,96.05,39887843.0,,1.5344,2.2751,2.15,
2025-10-21,03690,97.5,96.5,98.9,96.4,39365037.0,,2.5867,-0.1552,-0.15,
2025-10-22,03690,96.0,96.1,97.15,95.4,31999681.0,,1.8135,-0.4145,-0.4,
2025-10-23,03690,95.25,100.0,102.7,95.25,106954704.0,,7.7523,4.0583,3.9,
2025-10-24,03690,101.3,100.6,101.9,98.4,53974824.0,,3.5,0.6,0.6,
2025-10-27,03690,101.5,102.0,103.6,101.0,56223912.0,,2.5845,1.3917,1.4,
2025-10-28,03690,102.0,100.0,102.5,99.75,38000867.0,,2.6961,-1.9608,-2.0,
2025-10-30,03690,101.2,102.4,105.3,99.15,100543878.0,,6.15,2.4,2.4,
2025-10-31,03690,102.6,102.0,104.6,102.0,39102336.0,,2.5391,-0.3906,-0.4,
2025-11-03,03690,102.9,102.3,103.8,101.4,31041608.0,,2.3529,0.2941,0.3,
2025-11-04,03690,101.8,99.9,102.2,99.2,44273602.0,,2.9326,-2.346,-2.4,
2025-11-05,03690,98.6,101.2,102.0,98.3,42049675.0,,3.7037,1.3013,1.3,
2025-11-06,03690,102.1,103.3,103.6,101.5,42887298.0,,2.0751,2.0751,2.1,
2025-11-07,03690,101.9,102.0,102.2,100.8,29757750.0,,1.3553,-1.2585,-1.3,
2025-11-10,03690,102.0,103.3,103.6,101.2,30303643.0,,2.3529,1.2745,1.3,
2025-11-11,03690,103.3,102.0,104.4,100.6,41269159.0,,3.6786,-1.2585,-1.3,
2025-11-12,03690,102.0,101.8,102.4,100.8,24968884.0,,1.5686,-0.1961,-0.2,
2025-11-13,03690,101.0,102.1,103.0,99.5,33815896.0,,3.4381,0.2947,0.3,
2025-11-14,03690,100.6,100.0,101.6,99.5,35419273.0,,2.0568,-2.0568,-2.1,
2025-11-17,03690,99.5,100.3,102.5,99.5,28915570.0,,3.0,0.3,0.3,
2025-11-18,03690,99.35,98.6,100.1,98.05,33786187.0,,2.0439,-1.6949,-1.7,
2025-11-19,03690,98.65,98.0,99.65,97.7,25108369.0,,1.9777,-0.6085,-0.6,
2025-11-20,03690,98.95,98.5,99.4,97.2,24966349.0,,2.2449,0.5102,0.5,
2025-11-21,03690,97.0,95.55,97.25,95.15,46164332.0,,2.132,-2.9949,-2.95,
2025-11-24,03690,96.05,98.15,98.6,95.65,38950345.0,,3.0874,2.7211,2.6,
2025-11-25,03690,99.2,98.25,99.6,97.45,29485452.0,,2.1905,0.1019,0.1,
2025-11-26,03690,102.4,103.8,105.2,102.1,128129815.0,,3.1552,5.6489,5.55,
2025-11-27,03690,103.6,104.0,104.8,101.9,58022656.0,,2.7938,0.1927,0.2,
2025-11-28,03690,104.5,102.5,104.8,102.3,43785936.0,,2.4038,-1.4423,-1.5,
2025-12-01,03690,100.1,99.55,103.4,98.6,86464495.0,,4.6829,-2.878,-2.95,
2025-12-02,03690,99.5,96.5,99.7,95.7,80744936.0,,4.0181,-3.0638,-3.05,
2025-12-03,03690,96.5,95.9,97.4,95.4,39051180.0,,2.0725,-0.6218,-0.6,
2025-12-04,03690,96.8,98.1,98.8,96.25,49912883.0,,2.659,2.2941,2.2,
2025-12-05,03690,97.6,99.05,99.75,96.65,44529788.0,,3.16,0.9684,0.95,
2025-12-08,03690,98.4,99.5,101.2,98.4,31145522.0,,2.8269,0.4543,0.45,
2025-12-09,03690,99.5,97.35,99.7,97.2,36058225.0,,2.5126,-2.1608,-2.15,
2025-12-10,03690,98.4,100.0,100.5,97.65,51497713.0,,2.9276,2.7221,2.65,
2025-12-11,03690,100.2,101.5,102.0,99.8,41406607.0,,2.2,1.5,1.5,
2025-12-12,03690,102.0,102.4,104.0,101.4,85213513.0,,2.5616,0.8867,0.9,
2025-12-15,03690,101.6,100.9,102.8,100.5,38535431.0,,2.2461,-1.4648,-1.5,
2025-12-16,03690,100.2,99.5,101.3,98.65,32115324.0,,2.6264,-1.3875,-1.4,
2025-12-17,03690,99.6,101.3,103.0,98.9,38155110.0,,4.1206,1.809,1.8,
2025-12-18,03690,100.7,101.4,102.1,100.2,22759882.0,,1.8756,0.0987,0.1,
2025-12-19,03690,102.2,102.7,104.5,101.7,50727640.0,,2.7613,1.2821,1.3,
2025-12-22,03690,104.2,102.8,105.2,102.4,31556484.0,,2.7264,0.0974,0.1,
2025-12-23,03690,103.7,103.2,104.0,102.5,21108052.0,,1.4591,0.3891,0.4,
2025-12-24,03690,102.8,103.2,104.2,102.7,12043868.0,,1.4535,0.0,0.0,
2025-12-29,03690,104.0,104.2,106.7,103.8,56811243.0,,2.8101,0.969,1.0,
2025-12-30,03690,104.0,104.3,105.1,103.7,32946951.0,,1.3436,0.096,0.1,
2025-12-31,03690,103.7,103.3,104.3,102.5,21806552.0,,1.7258,-0.9588,-1.0,
2026-01-02,03690,103.3,104.6,105.8,102.2,24476486.0,,3.485,1.2585,1.3,
2026-01-05,03690,104.2,105.4,106.2,103.7,40887247.0,,2.3901,0.7648,0.8,
2026-01-06,03690,106.2,106.1,108.0,105.7,47681423.0,,2.1822,0.6641,0.7,
2026-01-07,03690,106.1,104.5,106.1,103.5,43863326.0,,2.4505,-1.508,-1.6,
2026-01-08,03690,103.7,101.0,103.9,99.65,71725824.0,,4.067,-3.3493,-3.5,
2026-01-09,03690,100.0,98.5,100.6,98.2,71605201.0,,2.3762,-2.4752,-2.5,
2026-01-12,03690,101.3,105.0,106.4,100.8,108743770.0,,5.6853,6.599,6.5,
2026-01-13,03690,106.5,104.9,107.0,103.9,52013088.0,,2.9524,-0.0952,-0.1,
2026-01-14,03690,104.9,101.5,104.9,100.4,80092305.0,,4.2898,-3.2412,-3.4,
2026-01-15,03690,102.0,100.8,102.3,100.2,39093176.0,,2.069,-0.6897,-0.7,
2026-01-16,03690,101.9,100.0,102.5,99.35,37523001.0,,3.125,-0.7937,-0.8,
2026-01-19,03690,98.8,98.5,99.9,98.3,37288820.0,,1.6,-1.5,-1.5,
2026-01-20,03690,98.3,97.35,99.45,97.05,45401371.0,,2.4365,-1.1675,-1.15,
2026-01-21,03690,97.0,97.3,98.0,96.3,38515912.0,,1.7463,-0.0514,-0.05,
2026-01-22,03690,97.35,97.0,98.1,96.2,34480371.0,,1.9527,-0.3083,-0.3,
2026-01-23,03690,97.3,97.55,98.8,97.0,37200891.0,,1.8557,0.567,0.55,
2026-01-26,03690,97.95,97.1,97.95,96.2,31250095.0,,1.794,-0.4613,-0.45,
2026-01-27,03690,97.1,96.55,97.55,96.2,27407450.0,,1.3903,-0.5664,-0.55,
2026-01-28,03690,97.0,98.35,98.4,96.1,39950423.0,,2.3822,1.8643,1.8,
2026-01-29,03690,97.3,98.6,98.9,97.05,27680308.0,,1.881,0.2542,0.25,
2026-01-30,03690,98.05,97.2,98.95,97.2,28956959.0,,1.7748,-1.4199,-1.4,
2026-02-02,03690,96.5,94.85,96.95,94.05,54620063.0,,2.9835,-2.4177,-2.35,
2026-02-03,03690,95.1,93.2,95.65,91.15,50436330.0,,4.7443,-1.7396,-1.65,
2026-02-04,03690,91.5,92.15,92.65,90.7,53329150.0,,2.0923,-1.1266,-1.05,
2026-02-05,03690,90.2,93.8,93.95,90.2,39784843.0,,4.0695,1.7906,1.65,
2026-02-06,03690,92.55,91.4,94.5,91.15,39226920.0,,3.5714,-2.5586,-2.4,
2026-02-09,03690,93.0,91.05,93.2,90.4,42466515.0,,3.0635,-0.3829,-0.35,
2026-02-10,03690,91.05,88.8,91.7,88.1,74372071.0,,3.9539,-2.4712,-2.25,
2026-02-11,03690,88.4,88.85,89.4,87.25,37829736.0,,2.4212,0.0563,0.05,
2026-02-12,03690,86.65,84.85,87.8,84.3,90415198.0,,3.9392,-4.502,-4.0,
2026-02-13,03690,84.05,82.15,84.25,80.8,99656113.0,,4.066,-3.1821,-2.7,
2026-02-16,03690,81.65,82.05,82.4,79.25,23648794.0,,3.8344,-0.1217,-0.1,
2026-02-20,03690,81.15,80.75,82.0,80.1,27220396.0,,2.3157,-1.5844,-1.3,
2026-02-23,03690,83.2,85.0,87.5,82.65,65205703.0,,6.0062,5.2632,4.25,
2026-02-24,03690,84.2,81.4,84.2,80.65,67807380.0,,4.1765,-4.2353,-3.6,
2026-02-25,03690,82.4,82.7,83.6,81.5,39932923.0,,2.5799,1.5971,1.3,
2026-02-26,03690,82.7,80.45,83.2,80.35,40036885.0,,3.4462,-2.7207,-2.25,
2026-02-27,03690,81.0,81.15,82.45,80.45,42462533.0,,2.486,0.8701,0.7,
2026-03-02,03690,79.6,77.4,80.2,77.1,57081668.0,,3.8201,-4.6211,-3.75,
2026-03-03,03690,77.25,75.65,78.15,75.35,64441703.0,,3.6176,-2.261,-1.75,
2026-03-04,03690,74.65,75.4,75.65,73.6,62511701.0,,2.7098,-0.3305,-0.25,
2026-03-05,03690,76.65,74.5,76.65,73.85,44459291.0,,3.7135,-1.1936,-0.9,
2026-03-06,03690,74.5,76.85,77.95,73.65,81436279.0,,5.7718,3.1544,2.35,
2026-03-09,03690,74.4,78.7,79.0,74.0,67180598.0,,6.5062,2.4073,1.85,
2026-03-10,03690,80.0,79.1,80.55,77.55,46241432.0,,3.8119,0.5083,0.4,
2026-03-11,03690,79.15,77.4,79.6,76.65,39917143.0,,3.7295,-2.1492,-1.7,
2026-03-12,03690,76.5,76.7,77.2,75.4,37947010.0,,2.3256,-0.9044,-0.7,
2026-03-13,03690,76.0,75.95,77.4,75.85,18836697.0,,2.0209,-0.9778,-0.75,
2026-03-16,03690,76.9,78.3,79.0,76.5,38287519.0,,3.2916,3.0941,2.35,
2026-03-17,03690,78.45,80.0,82.2,78.4,52313278.0,,4.8531,2.1711,1.7,
2026-03-18,03690,80.55,80.3,81.4,79.6,26863720.0,,2.25,0.375,0.3,
2026-03-19,03690,78.7,80.7,81.55,78.5,50616607.0,,3.7983,0.4981,0.4,
2026-03-20,03690,81.55,79.15,82.65,78.15,64632837.0,,5.5762,-1.9207,-1.55,
2026-03-23,03690,77.8,76.55,78.5,75.85,54303511.0,,3.3481,-3.2849,-2.6,
2026-03-24,03690,76.75,79.0,79.2,76.75,44636705.0,,3.2005,3.2005,2.45,
2026-03-25,03690,79.95,90.0,91.55,78.55,252756064.0,,16.4557,13.9241,11.0,
2026-03-26,03690,90.0,86.7,90.65,85.5,121140962.0,,5.7222,-3.6667,-3.3,
2026-03-27,03690,86.15,85.9,90.7,84.7,99424658.0,,6.9204,-0.9227,-0.8,
2026-03-30,03690,83.7,84.2,86.6,82.7,60221748.0,,4.5402,-1.979,-1.7,
2026-03-31,03690,83.8,82.95,84.8,82.5,41291471.0,,2.7316,-1.4846,-1.25,
2026-04-01,03690,85.0,81.95,85.6,80.95,57818900.0,,5.6058,-1.2055,-1.0,
2026-04-02,03690,81.3,80.25,81.5,78.7,47181021.0,,3.4167,-2.0744,-1.7,
2026-04-08,03690,82.55,88.5,89.9,82.5,106097187.0,,9.2212,10.2804,8.25,
2026-04-09,03690,87.25,88.0,89.7,86.9,34932772.0,,3.1638,-0.565,-0.5,
2026-04-10,03690,88.25,87.6,90.85,87.3,31529595.0,,4.0341,-0.4545,-0.4,
2026-04-13,03690,86.7,86.45,87.1,85.3,23659777.0,,2.0548,-1.3128,-1.15,
2026-04-14,03690,87.4,85.1,87.9,83.75,36646937.0,,4.8005,-1.5616,-1.35,
2026-04-15,03690,86.05,86.3,88.2,85.3,37510423.0,,3.4078,1.4101,1.2,
2026-04-16,03690,86.85,88.75,89.45,86.0,44399802.0,,3.9977,2.8389,2.45,
2026-04-17,03690,87.5,86.5,87.9,84.6,46743644.0,,3.7183,-2.5352,-2.25,
2026-04-20,03690,85.85,85.15,85.95,84.35,36368973.0,,1.8497,-1.5607,-1.35,
2026-04-21,03690,85.8,86.45,87.2,84.65,24682917.0,,2.9947,1.5267,1.3,
2026-04-22,03690,85.2,84.25,85.3,83.8,31118161.0,,1.7351,-2.5448,-2.2,
2026-04-23,03690,84.0,83.1,84.2,82.35,27552166.0,,2.1958,-1.365,-1.15,
2026-04-24,03690,83.0,82.45,83.5,81.7,36155043.0,,2.1661,-0.7822,-0.65,
2026-04-27,03690,82.45,81.85,82.45,80.4,39390929.0,,2.4864,-0.7277,-0.6,
2026-04-28,03690,80.85,80.3,81.65,80.2,33674973.0,,1.7715,-1.8937,-1.55,
2026-04-29,03690,81.45,83.15,84.15,80.65,45687332.0,,4.3587,3.5492,2.85,
2026-04-30,03690,81.9,83.25,84.5,81.25,45918845.0,,3.9086,0.1203,0.1,
2026-05-04,03690,84.0,84.45,86.8,83.65,16917991.0,,3.7838,1.4414,1.2,
2026-05-05,03690,83.6,83.55,83.95,82.2,10874630.0,,2.0722,-1.0657,-0.9,
2026-05-06,03690,83.95,82.5,84.55,82.15,38773772.0,,2.8725,-1.2567,-1.05,
2026-05-07,03690,84.5,84.25,85.3,83.8,41734088.0,,1.8182,2.1212,1.75,
2026-05-08,03690,83.6,84.05,84.7,83.2,24167472.0,,1.7804,-0.2374,-0.2,
2026-05-11,03690,83.1,84.35,84.8,82.4,29716251.0,,2.8554,0.3569,0.3,
2026-05-12,03690,83.9,84.15,85.65,83.75,25067034.0,,2.2525,-0.2371,-0.2,
2026-05-13,03690,84.7,87.6,88.95,84.2,63062497.0,,5.6447,4.0998,3.45,
2026-05-14,03690,91.05,85.7,91.35,85.6,56592595.0,,6.5639,-2.1689,-1.9,
2026-05-15,03690,84.5,82.7,85.5,82.25,41139543.0,,3.7923,-3.5006,-3.0,
2026-05-18,03690,82.2,82.15,82.7,81.05,41351975.0,,1.9952,-0.6651,-0.55,
2026-05-19,03690,81.55,83.05,84.0,81.25,30801678.0,,3.3475,1.0956,0.9,
2026-05-20,03690,83.0,82.85,83.7,82.1,25163892.0,,1.9266,-0.2408,-0.2,
2026-05-21,03690,84.2,82.1,86.85,82.1,45111086.0,,5.7333,-0.9053,-0.75,
2026-05-22,03690,83.1,81.35,83.1,80.55,39784370.0,,3.106,-0.9135,-0.75,
2026-05-26,03690,79.95,78.8,80.5,77.0,67357066.0,,4.3024,-3.1346,-2.55,
2026-05-27,03690,78.3,77.7,79.0,77.3,34078568.0,,2.1574,-1.3959,-1.1,
2026-05-28,03690,77.2,73.3,77.3,72.25,94713412.0,,6.4994,-5.6628,-4.4,
2026-05-29,03690,73.6,73.45,76.1,72.35,81724196.0,,5.116,0.2046,0.15,
2026-06-01,03690,75.2,78.25,79.35,74.4,72625452.0,,6.7393,6.5351,4.8,
2026-06-02,03690,79.3,85.5,85.75,79.0,136662320.0,,8.6262,9.2652,7.25,
2026-06-03,03690,85.7,80.4,85.75,79.65,83942077.0,,7.1345,-5.9649,-5.1,
2026-06-04,03690,79.7,78.6,80.0,77.9,43047835.0,,2.6119,-2.2388,-1.8,
2026-06-05,03690,79.0,79.95,80.3,77.7,57489919.0,,3.3079,1.7176,1.35,
2026-06-08,03690,77.3,76.25,77.75,75.1,63060620.0,,3.3146,-4.6279,-3.7,
2026-06-09,03690,76.25,77.2,78.3,75.5,34253879.0,,3.6721,1.2459,0.95,
2026-06-10,03690,77.1,79.0,80.45,76.45,56328337.0,,5.1813,2.3316,1.8,
2026-06-11,03690,78.8,78.1,80.1,77.1,34922354.0,,3.7975,-1.1392,-0.9,
2026-06-12,03690,78.1,77.9,78.4,75.7,47407244.0,,3.4571,-0.2561,-0.2,
2026-06-15,03690,79.5,78.25,79.65,77.1,24420087.0,,3.2734,0.4493,0.35,
2026-06-16,03690,76.95,75.3,77.55,74.85,40104507.0,,3.4505,-3.77,-2.95,
2026-06-17,03690,75.0,74.4,75.95,73.8,22507016.0,,2.8552,-1.1952,-0.9,
2026-06-18,03690,75.1,71.8,76.25,71.1,68421090.0,,6.922,-3.4946,-2.6,
2026-06-22,03690,72.2,72.0,73.2,69.5,57148117.0,,5.1532,0.2786,0.2,
2026-06-23,03690,72.7,69.6,72.7,69.2,33267703.0,,4.8611,-3.3333,-2.4,
2026-06-24,03690,69.3,67.75,70.0,67.2,53080662.0,,4.023,-2.658,-1.85,
2026-06-25,03690,67.35,66.1,67.35,64.75,63246385.0,,3.8376,-2.4354,-1.65,
2026-06-26,03690,65.75,64.25,68.35,63.65,84453570.0,,7.1104,-2.7988,-1.85,
2026-06-29,03690,66.5,67.65,69.45,66.15,79469292.0,,5.1362,5.2918,3.4,
2026-06-30,03690,68.5,68.5,69.45,67.2,65133829.0,,3.3259,1.2565,0.85,
2026-07-02,03690,69.85,70.85,73.65,69.45,68122830.0,,6.1314,3.4307,2.35,
2026-07-03,03690,71.35,71.6,72.65,70.4,33741448.0,,3.1757,1.0586,0.75,
2026-07-06,03690,71.5,74.95,74.95,70.2,50530384.0,,6.6341,4.6788,3.35,
2026-07-07,03690,75.45,78.35,81.65,75.1,117135979.0,,8.7392,4.5364,3.4,
2026-07-08,03690,77.85,80.9,81.25,77.85,72737280.0,,4.3395,3.2546,2.55,
2026-07-09,03690,80.75,78.5,81.7,78.2,55805531.0,,4.3263,-2.9666,-2.4,
2026-07-10,03690,78.5,78.7,79.85,76.5,38059821.0,,4.2675,0.2548,0.2,
2026-07-13,03690,78.05,77.95,80.0,76.65,40167927.0,,4.2567,-0.953,-0.75,
2026-07-14,03690,77.9,79.2,79.9,76.65,49973353.0,,4.1693,1.6036,1.25,
2026-07-15,03690,78.95,83.4,84.45,77.0,88085818.0,,9.4066,5.303,4.2,
2026-07-16,03690,84.45,87.2,88.95,84.3,100388858.0,,5.5755,4.5564,3.8,
2026-07-17,03690,87.2,83.65,87.75,81.6,79212029.0,,7.0528,-4.0711,-3.55,
2026-07-20,03690,85.7,86.3,87.65,84.35,63809984.0,,3.945,3.168,2.65,
2026-07-21,03690,84.9,85.2,86.7,84.5,33366001.0,,2.5492,-1.2746,-1.1,
2026-07-22,03690,83.5,83.65,84.15,81.85,40530626.0,,2.6995,-1.8192,-1.55,
2026-07-23,03690,83.8,87.3,88.8,82.6,63249932.0,,7.4118,4.3634,3.65,
2026-07-24,03690,85.15,86.7,87.35,84.9,32833485.0,,2.8064,-0.6873,-0.6,
2026-07-27,03690,87.25,89.3,91.95,86.75,65382089.0,,5.9977,2.9988,2.6,
2026-07-28,03690,90.8,90.3,92.2,89.35,63694323.0,,3.1915,1.1198,1.0,
2026-07-29,03690,91.45,92.3,94.0,90.9,81344260.0,,3.433,2.2148,2.0,
2026-07-30,03690,94.2,92.65,94.5,91.05,50353885.0,,3.7378,0.3792,0.35,
2026-07-31,03690,90.0,92.5,93.6,88.7,50464900.0,,5.2887,-0.1619,-0.15,
