Date,Symbol,Name,Open,High,Low,Close,Volume,Amount
2017-01-03,300156.SZ,300156.SZ,25.02,25.85,25.02,25.47,75768.29,194066515.0
2017-01-04,300156.SZ,300156.SZ,25.59083504210527,25.850843526315796,25.40082884210527,25.650837000000003,69712.92,178834348.0
2017-01-05,300156.SZ,300156.SZ,25.599614863479072,26.279604633290234,25.409617721914188,25.799611854600002,57759.25,149956973.0
2017-01-06,300156.SZ,300156.SZ,25.8002294514861,26.280233720350957,25.60022767279241,25.90023034083294,66948.37,173832487.0
2017-01-09,300156.SZ,300156.SZ,26.280162884141458,26.280162884141458,25.710159351266242,25.970160962753184,47190.02,122307277.0
2017-01-10,300156.SZ,300156.SZ,25.94995323750594,26.549952156292207,25.809953489789144,26.49995224639335,83145.13,218964560.0
2017-01-11,300156.SZ,300156.SZ,26.490899758941104,27.08091979887222,26.210890248465326,26.56090213656005,93143.54,248816516.0
2017-01-12,300156.SZ,300156.SZ,26.401619339299437,26.701637740882383,25.68157517550036,25.721577629044752,54979.34,143567967.0
2017-01-13,300156.SZ,300156.SZ,25.880328117956523,26.03033001972212,25.30032076446291,25.320321018031656,34040.94,87315368.0
2017-01-16,300156.SZ,300156.SZ,25.349421838465055,26.099404733094197,23.999452628132595,25.249424119181167,76610.35,195610936.0
2017-01-17,300156.SZ,300156.SZ,24.899727585454595,25.6497193801972,24.529731633381576,25.279723428124186,49115.69,123301984.0
2017-01-18,300156.SZ,300156.SZ,25.480920285760963,25.480920285760963,24.990902587957866,25.160908728012,30465.55,76661482.0
2017-01-19,300156.SZ,300156.SZ,25.131480927752367,25.451499785566963,25.061476802605426,25.251487999432843,33395.13,84370631.0
2017-01-20,300156.SZ,300156.SZ,25.161865379819954,26.501964728347726,25.161865379819954,26.30194990020925,85592.7,223950937.0
2017-01-23,300156.SZ,300156.SZ,26.272922184267145,26.852986701468325,26.132906611149618,26.42293886975021,43300.84,115090461.0
2017-01-24,300156.SZ,300156.SZ,26.49346942343994,26.503470733150564,26.003405247619423,26.15342489327876,33653.84,87946874.0
2017-01-25,300156.SZ,300156.SZ,26.36411664992182,26.98421347552696,26.224094786075494,26.794183803164092,51613.7,138030652.0
2017-01-26,300156.SZ,300156.SZ,26.844908792322197,27.104956343961682,26.684879529774822,26.804901476685355,26858.51,72136687.0
2017-02-03,300156.SZ,300156.SZ,26.70456515400113,27.044623287048335,26.384510440544936,26.874594220524735,40535.5,108653799.0
2017-02-06,300156.SZ,300156.SZ,26.79472044904505,27.77489312691232,26.68470106683546,27.774893126912318,84653.1,232265651.0
2017-02-07,300156.SZ,300156.SZ,27.646004778922237,28.00608298877795,27.315933086554494,27.6860134689062,42306.47,116516277.0
2017-02-08,300156.SZ,300156.SZ,27.66672591148418,27.896781839164632,27.326643235782637,27.796757522781824,47399.54,130907646.0
2017-02-09,300156.SZ,300156.SZ,27.955624829143964,28.545743564356663,27.545542318233444,27.685570492690697,91803.16,257508189.0
2017-02-10,300156.SZ,300156.SZ,27.706643074468182,27.78666226024282,27.15651117226755,27.386566331369636,52385.65,143125631.0
2017-02-13,300156.SZ,300156.SZ,27.216167553522467,27.716280886001748,27.07613582042827,27.52623781965962,42154.65,115653307.0
2017-02-14,300156.SZ,300156.SZ,27.525584755934133,27.80564157757881,27.405560403800695,27.655611137412016,33116.18,91338159.0
2017-02-15,300156.SZ,300156.SZ,27.654249692925465,27.9742988756284,27.224183603668397,27.224183603668394,45985.43,126737663.0
2017-02-16,300156.SZ,300156.SZ,27.1038209174732,27.52388013464437,26.87378848902232,27.403863215452603,42345.55,115031966.0
2017-02-17,300156.SZ,300156.SZ,27.204094481110165,27.54414566212404,26.954056848011724,27.264103513053794,38878.9,105614240.0
2017-02-20,300156.SZ,300156.SZ,27.245367982972883,28.355586722367157,27.15535024734632,28.335582781116806,114091.52,318818384.0
2017-02-21,300156.SZ,300156.SZ,28.31438946691448,29.034501102950458,28.19437086090849,28.644440633430975,107506.67,307925708.0
2017-02-22,300156.SZ,300156.SZ,28.464508002790936,28.974588785694074,28.41450008289847,28.68454285031778,43361.75,124354315.0
2017-02-23,300156.SZ,300156.SZ,28.92340577326417,28.92340577326417,28.303332758761275,28.75338575315854,60238.76,172500044.0
2017-02-24,300156.SZ,300156.SZ,28.784517554862152,28.95454423951561,28.32444534932926,28.70450499737817,38025.2,108699976.0
2017-02-27,300156.SZ,300156.SZ,28.78314927673895,29.253200706901122,28.113075961401385,28.4031076949057,88344.31,253850426.0
2017-02-28,300156.SZ,300156.SZ,28.53424809997122,29.494391043398217,28.53424809997122,29.394376153457905,122511.49,357254440.0
2017-03-01,300156.SZ,300156.SZ,29.41437913144597,29.68441933428481,29.194346373577282,29.394376153457905,58185.77,170858152.0
2017-03-02,300156.SZ,300156.SZ,30.10511124081372,31.305315011211608,29.705043317347755,30.90524708774564,183626.48,563544701.0
2017-03-03,300156.SZ,300156.SZ,30.974183932928163,31.19421365411784,30.204079908764303,30.834165019443827,97761.23,298930277.0
2017-03-06,300156.SZ,300156.SZ,30.984105785656926,31.76420915921446,30.604055424180178,30.79408060491855,89344.81,278917584.0
2017-03-07,300156.SZ,300156.SZ,30.91522200261159,31.35529633716834,30.305118947885187,31.34529464774659,80526.82,248968824.0
2017-03-08,300156.SZ,300156.SZ,31.50501113319338,31.605027041552727,31.0749427272482,31.45500317901371,63950.08,200595113.0
2017-03-09,300156.SZ,300156.SZ,31.283617909009653,31.343624848732816,30.503527692608518,30.753556608121702,60004.56,185034240.0
2017-03-10,300156.SZ,300156.SZ,30.592743464839955,30.902771267196947,30.212709384531383,30.802762298694695,64869.69,198122680.0
2017-03-13,300156.SZ,300156.SZ,30.813351974459483,31.553432482771722,30.453312808253532,31.403416163519243,78871.43,245242783.0
2017-03-14,300156.SZ,300156.SZ,31.622883955449655,33.08301711721298,31.262851121042257,32.98300799654426,173425.32,559753484.0
2017-03-15,300156.SZ,300156.SZ,32.44431967026499,33.18441820774946,32.354307685976345,32.85437426535774,136199.42,446061601.0
2017-03-16,300156.SZ,300156.SZ,33.055712734502045,35.25609300729795,33.055712734502045,33.89585792956958,233934.54,801469951.0
2017-03-17,300156.SZ,300156.SZ,33.93464985586675,34.844774564644794,33.1745457034807,33.21455118518523,140920.38,478256731.0
2017-03-20,300156.SZ,300156.SZ,33.78532052980301,34.48543078352894,33.305244927248076,33.9253425805482,90175.33,305815141.0
2017-03-21,300156.SZ,300156.SZ,34.0049493798336,35.095108051128264,33.46487077203624,34.865074570029385,104734.92,359324143.0
2017-03-22,300156.SZ,300156.SZ,34.80395651102216,35.594046328370084,34.3539053492417,35.14399516658962,100089.31,350675731.0
2017-03-23,300156.SZ,300156.SZ,35.995550428961025,37.68581106316342,35.505474860464474,35.885533464604656,239161.83,868821502.0
2017-03-24,300156.SZ,300156.SZ,35.78591037538456,36.41601444292207,35.525867426877014,36.1259665388175,133349.91,479349058.0
2017-03-27,300156.SZ,300156.SZ,35.70689060742323,36.04695623225583,34.336626177950684,34.36663196837709,231177.49,807933651.0
2017-03-28,300156.SZ,300156.SZ,34.36576047005445,34.49578226461519,33.20556599551245,33.44560623162458,162363.93,546311208.0
2017-03-29,300156.SZ,300156.SZ,33.18579309779923,34.77607070555995,33.025765162427085,34.566034040384004,175951.87,598426690.0
2017-03-30,300156.SZ,300156.SZ,34.30643079393456,35.376631404707446,33.97636892332236,34.76651703781823,170876.0,593161491.0
2017-03-31,300156.SZ,300156.SZ,35.00640600537917,35.126427968826185,34.256268733835334,35.006406005379176,109366.62,379436901.0
2017-04-05,300156.SZ,300156.SZ,35.995560197049464,36.595652892749094,34.88538871000515,35.055414973786704,140155.31,499712763.0
2017-04-06,300156.SZ,300156.SZ,34.95690139500442,34.966903369652485,33.756664437236026,34.33677896682408,163179.94,558299210.0
2017-04-07,300156.SZ,300156.SZ,34.07691934971748,35.3871854004404,34.006905133266635,35.377183369518846,208145.65,721840345.0
2017-04-10,300156.SZ,300156.SZ,35.00563044133521,35.37568996314361,34.245508180323355,34.425537136878795,135223.12,469697479.0
2017-04-11,300156.SZ,300156.SZ,34.48597446825883,35.07607669958925,32.125565542937174,33.065728419972075,233469.94,779309437.0
2017-04-12,300156.SZ,300156.SZ,32.98612425645995,33.75626724243552,32.30599798313088,33.01612982734212,90975.35,301551047.0
2017-04-13,300156.SZ,300156.SZ,33.01651737783035,33.88668914755808,32.98651145473628,33.316576608770944,86348.95,289454591.0
2017-04-14,300156.SZ,300156.SZ,33.20685888020653,33.46691259432863,32.50671426526242,32.88679277051779,58716.9,194174921.0
2017-04-17,300156.SZ,300156.SZ,32.95741114714944,32.97741564556956,31.517087260900723,31.877168232462903,127917.24,409800825.0
2017-04-18,300156.SZ,300156.SZ,31.75802558050507,32.58823538308205,31.718015469537505,32.14812416243883,99344.01,319885412.0
2017-04-19,300156.SZ,300156.SZ,32.00769124318535,32.87790034885945,31.85765519048292,32.69785708561653,100934.04,326212060.0
2017-04-20,300156.SZ,300156.SZ,32.688404432386335,33.97873618629632,32.61838643023618,33.00848672792989,114656.96,382202438.0
2017-04-21,300156.SZ,300156.SZ,33.288766855059656,33.288766855059656,31.70835064018603,31.99842703405524,111129.52,362065507.0
2017-04-24,300156.SZ,300156.SZ,31.84970514132705,32.409875834767476,31.45958626553818,31.64964417938404,119588.74,380680180.0
2017-04-25,300156.SZ,300156.SZ,31.64003399601047,32.09017674966854,31.449973722243733,31.580014962189395,102407.52,324346432.0
2017-04-26,300156.SZ,300156.SZ,31.25011692063689,31.94034037374955,30.78996795189512,30.859990621051477,93792.94,294571077.0
2017-04-27,300156.SZ,300156.SZ,30.61109913918893,32.34172663954176,30.48105198598322,31.921574298415646,165698.77,518020649.0
2017-04-28,300156.SZ,300156.SZ,32.00195746025483,32.70221911146391,31.781875227017697,32.36209202373379,71985.64,232410404.0
2017-05-02,300156.SZ,300156.SZ,32.46147527836668,33.511846589377,31.991309072485862,33.261758181993585,121467.2,397987959.0
2017-05-03,300156.SZ,300156.SZ,33.21295667654988,33.543085462792696,32.45266007793006,32.78278886417288,95457.45,315653230.0
2017-05-04,300156.SZ,300156.SZ,32.6728760350471,33.693278164739326,32.61285238035933,33.163069214997286,96885.74,322047711.0
2017-05-05,300156.SZ,300156.SZ,33.15383860972775,33.5840181692384,32.973763445281435,33.0237843242943,56425.59,187634868.0
2017-05-08,300156.SZ,300156.SZ,32.83509564866152,32.99516924109862,31.86464949451156,31.864649494511564,79175.24,255368689.0
2017-05-09,300156.SZ,300156.SZ,31.564280212770424,32.25459252170265,30.69388643194284,32.08451557602369,92151.66,288666072.0
2017-05-10,300156.SZ,300156.SZ,31.92543834760135,32.9959560233122,31.62529320487868,31.805380290512282,94660.11,305947927.0
2017-05-11,300156.SZ,300156.SZ,31.715758572465095,32.40610158240204,30.845326081675044,32.34607175545099,125513.18,393740514.0
2017-05-12,300156.SZ,300156.SZ,32.44462228019838,32.834798126306225,32.06445094296509,32.824793617431666,72339.9,234477832.0
2017-05-15,300156.SZ,300156.SZ,32.81384869081021,33.254034465930836,32.573747358926234,32.88387824594304,67222.24,220948692.0
2017-05-16,300156.SZ,300156.SZ,32.9846267115055,34.035092530343256,32.55443594760051,34.01508365760348,115896.69,388637998.0
2017-05-17,300156.SZ,300156.SZ,34.115937875973444,34.48611080893855,33.71575092141657,33.71575092141657,69286.05,235658645.0
2017-05-18,300156.SZ,300156.SZ,33.694749048126155,33.98487604408686,33.44463956884969,33.624718393928745,63091.88,212365015.0
2017-05-19,300156.SZ,300156.SZ,33.71509762330243,33.91518722344072,32.574586902514156,32.85471234270777,83443.21,276075931.0
2017-05-22,300156.SZ,300156.SZ,32.84356216317493,33.813962872839255,32.61346714954319,33.153690225026416,80439.32,268421088.99999997
2017-05-23,300156.SZ,300156.SZ,33.28397721625634,33.56409484837391,32.723741952021186,33.113905796756384,78176.1,259443313.0
2017-05-24,300156.SZ,300156.SZ,33.20359303753955,33.76382238677191,32.6733759748732,33.16357665545152,89646.63,297677811.0
2017-05-25,300156.SZ,300156.SZ,30.424116298802655,31.264506226161885,29.85385170523746,29.853851705237464,275901.58,833656103.0
2017-06-05,300156.SZ,300156.SZ,29.383224584119002,31.464161156640877,29.01305798227617,31.053976543788007,348175.41,1062444834.0
2017-06-06,300156.SZ,300156.SZ,30.814821255056415,31.11496561793034,30.304575838170738,30.544691328469884,119622.79,366070313.0
2017-06-07,300156.SZ,300156.SZ,30.61569032433958,30.90583902349182,29.73523909932589,30.715741599909318,159663.4,485307371.0
2017-06-08,300156.SZ,300156.SZ,30.61672008882656,31.197037005542878,30.50665998393208,30.93689493942867,134841.34,416213905.0
2017-06-09,300156.SZ,300156.SZ,30.726780193721034,31.157015149217617,30.37658895087498,30.93689493942867,80837.52,248902960.0
2017-06-12,300156.SZ,300156.SZ,30.82645317862712,30.896490560078075,29.42570554960804,30.386218209506836,152358.13,458162946.0
2017-06-13,300156.SZ,300156.SZ,30.30475864132379,30.39480249334489,29.91456861589902,30.024622212813703,107586.84,324085037.0
2017-06-14,300156.SZ,300156.SZ,30.095490920559467,30.205547569537583,29.014934730592575,29.475171626319213,143237.04,423831382.0
2017-06-15,300156.SZ,300156.SZ,29.39545549795856,29.995771131000602,29.315413413552957,29.675602793378182,80267.5,238730106.0
2017-06-16,300156.SZ,300156.SZ,29.675247350159463,30.43563804422963,29.635226787313666,30.405622622095283,93670.23,282154700.0
2017-06-19,300156.SZ,300156.SZ,30.61514854721549,31.488433112332785,30.464582242884926,31.317791300758138,121881.16,378070163.0
2017-06-20,300156.SZ,300156.SZ,31.336920759192918,32.43100287410388,31.336920759192918,31.919092893732696,110739.38,353958726.0
2017-06-21,300156.SZ,300156.SZ,32.3108967665883,32.47149768248312,31.748793560956447,32.12018317896321,92468.49,295814234.0
2017-06-22,300156.SZ,300156.SZ,32.11977876998393,32.59153802066807,31.818655844015332,31.888917860074674,69052.55,222028596.0
2017-06-23,300156.SZ,300156.SZ,31.68733807766738,32.46019998200074,31.677300910078635,32.45016281441199,71818.89,229892674.0
2017-06-26,300156.SZ,300156.SZ,32.47884597973271,32.860241575292,32.12756056277021,32.82009467049629,52876.22,171106963.0
2017-06-27,300156.SZ,300156.SZ,33.21997446241538,33.902439194573766,32.718162159357746,32.7281984054189,77689.92,257817441.0
2017-06-28,300156.SZ,300156.SZ,32.970165923497106,32.970165923497106,32.14716634793341,32.52855639514585,37453.35,121363750.0
2017-06-29,300156.SZ,300156.SZ,32.59825557266006,33.09003960069588,32.41760021542241,32.54807352898293,42001.94,136992810.0
2017-06-30,300156.SZ,300156.SZ,32.32804815451464,33.00050367340706,32.20760836008615,32.88006387897856,36676.12,119457697.0
2017-07-03,300156.SZ,300156.SZ,32.868649971298275,33.822091726190905,32.868649971298275,32.958976032288106,69243.94,230430525.0
2017-07-04,300156.SZ,300156.SZ,33.11806350786362,33.218421276069265,32.14459315626884,32.164664709909964,58494.59,188749089.0
2017-07-05,300156.SZ,300156.SZ,31.91274621284229,32.544979864228786,31.91274621284229,32.52490895466096,51808.42,166519720.0
2017-07-06,300156.SZ,300156.SZ,32.525637350755744,32.525637350755744,31.722782988503216,32.264709683023675,69412.82,221630034.0
2017-07-07,300156.SZ,300156.SZ,32.002370229940205,32.393744466054244,31.861876914412086,32.3034273346433,38630.46,123630716.0
2017-07-10,300156.SZ,300156.SZ,32.10383073495738,32.46511173103693,29.073084601178973,29.07308460117897,160869.36,482189027.0
2017-07-11,300156.SZ,300156.SZ,27.217484035025272,28.682732069359226,26.344356781689285,28.000287779395464,326374.58,891983047.0
2017-07-12,300156.SZ,300156.SZ,27.49757765184104,27.648111836066448,26.5943725464886,26.905476527221104,127130.67,342265346.0
2017-07-13,300156.SZ,300156.SZ,26.874860019616992,27.597410401025662,26.724328690156852,26.93507255140105,96602.78,261879406.0
2017-07-14,300156.SZ,300156.SZ,26.89346589131751,27.094163397969137,24.244258803516086,24.244258803516086,226133.48,563474316.0
2018-01-17,300156.SZ,300156.SZ,21.814984071403778,21.814984071403778,21.814984071403778,21.814984071403774,21042.0,45745308.0
2018-01-18,300156.SZ,300156.SZ,19.63784866107768,19.63784866107768,19.63784866107768,19.63784866107768,38954.0,76232978.0
2018-01-19,300156.SZ,300156.SZ,17.670136225237698,18.58324377577525,17.670136225237698,17.670136225237698,1553770.82,2750246271.0
2018-01-22,300156.SZ,300156.SZ,17.248131063402145,17.519044116754014,16.605966788790315,17.097623811539997,903337.81,1533227564.0
2018-01-23,300156.SZ,300156.SZ,16.93735533972172,17.298578557867444,16.806913622057987,16.95742329628537,519918.15,882285335.0
2018-01-24,300156.SZ,300156.SZ,16.93755264796909,17.037893599675066,16.19502960534485,16.365609223245013,652013.73,1072025259.0000001
2018-01-25,300156.SZ,300156.SZ,16.50589777344583,17.3989220298815,16.435659910580103,16.756747283680568,745743.74,1254623956.0
2018-01-26,300156.SZ,300156.SZ,16.75743065940778,18.342864218800855,16.53667408784672,17.9615574133772,806590.81,1408181617.0
2018-01-29,300156.SZ,300156.SZ,17.92146124387196,17.92146124387196,17.20901793574491,17.37960295318378,493670.03,864599201.0
2018-01-30,300156.SZ,300156.SZ,17.249267406162904,17.500129352151312,16.526785001716288,16.71744008066748,434283.98,730512152.0
2018-01-31,300156.SZ,300156.SZ,15.042352584584599,15.544098834904299,15.042352584584599,15.042352584584599,354828.33,533502417.99999994
2018-02-01,300156.SZ,300156.SZ,13.817580597572126,14.329342841926648,13.536613090867682,13.536613090867682,694185.96,956648257.0
2018-03-23,300156.SZ,300156.SZ,12.563016620921395,14.890987751954754,12.563016620921395,14.319029327519834,1052179.02,1492142072.0
2018-03-26,300156.SZ,300156.SZ,14.04823270221635,14.58005865451454,13.255510999734142,14.198749481168669,744116.24,1043781235.0
2018-03-27,300156.SZ,300156.SZ,14.400048900595333,15.624303929078003,14.400048900595333,15.624303929078003,648552.72,978284221.0
2018-03-28,300156.SZ,300156.SZ,16.05653906444846,17.04000208214593,15.354065480378843,15.424312838785804,1026442.31,1658860380.0
2018-03-29,300156.SZ,300156.SZ,15.153050175695626,15.644771671463232,14.631223282227962,14.932277259228536,557530.69,835626623.0
2018-03-30,300156.SZ,300156.SZ,15.001862673422801,15.11224427168879,14.73092602313356,14.951689219665534,310065.67,461746455.0
2018-04-02,300156.SZ,300156.SZ,14.851825844226278,15.423821839578235,14.410285075884415,15.102701280784155,529644.85,781981103.0
2018-04-03,300156.SZ,300156.SZ,14.761243603364775,14.931835813600806,14.420059182892711,14.420059182892711,282624.78,412966221.0
2018-04-04,300156.SZ,300156.SZ,14.480107991047513,14.741010837733054,14.088753721019202,14.148962070254328,219862.71,317023571.0
2018-04-09,300156.SZ,300156.SZ,14.138439796163,14.38929926735113,13.967855355755074,13.967855355755074,193116.59,272610179.0
2018-04-10,300156.SZ,300156.SZ,13.746861233450776,13.847203286249687,12.653132857942648,12.994295837458944,465129.62,613189412.0
2018-04-11,300156.SZ,300156.SZ,13.044390669542604,13.134697989562515,12.843707736165028,12.883844322840543,254596.92,329684805.0
2018-04-12,300156.SZ,300156.SZ,12.963878526283812,13.234795492390363,12.853504947499664,13.064218143360312,276624.7,359493327.0
2018-04-13,300156.SZ,300156.SZ,13.134956529867226,13.185128250760533,12.733582762720788,12.793788827792755,200530.59,258410497.0
2018-04-16,300156.SZ,300156.SZ,12.543247951488551,13.00483947610333,12.543247951488551,12.87438969740785,173966.82,222347821.0
2018-04-17,300156.SZ,300156.SZ,13.004199503952885,13.084472340397037,11.95061852562337,12.071027780289599,327703.2,409100168.0
2018-04-18,300156.SZ,300156.SZ,12.191984405598216,12.242157180929894,11.459461885755688,11.800636758011112,299563.12,353348963.0
2018-04-19,300156.SZ,300156.SZ,11.950719153156102,12.984240624839627,11.950719153156102,12.984240624839627,554387.46,695315786.0
2018-04-20,300156.SZ,300156.SZ,13.054440921312041,13.957515235622637,12.984201807976772,13.425704806084177,661437.01,889801290.0
2018-04-23,300156.SZ,300156.SZ,12.944288449366246,13.175078088385956,12.091370218206455,12.914185452972369,403338.36,509455220.0
2018-04-24,300156.SZ,300156.SZ,12.743910651678313,12.954636733320239,12.392700515608439,12.794083528259726,351210.19,444813949.0
2018-04-25,300156.SZ,300156.SZ,12.653700702627567,12.964775026006993,12.513215524327183,12.543319491105837,286101.37,362087337.0
2018-04-26,300156.SZ,300156.SZ,12.332591723655261,12.432938279584109,11.670304454524874,11.830858944011027,316617.35,379434306.0
2018-04-27,300156.SZ,300156.SZ,11.831167739848953,13.015288005584473,11.831167739848953,12.53361196528528,442065.76,556370867.0
2018-05-02,300156.SZ,300156.SZ,12.092667356739375,12.945677087297755,11.761498873110828,11.811675916084848,500158.29,613330475.0
2018-05-03,300156.SZ,300156.SZ,11.811127951738225,11.811127951738225,10.62700467365402,10.707284217930916,669679.62,724438328.0
2018-05-04,300156.SZ,300156.SZ,10.465972389476079,10.726869112511915,10.445903410781014,10.47600687882361,287709.07,302936800.0
2018-05-07,300156.SZ,300156.SZ,10.657131784888415,10.71734156898383,10.50660732464988,10.606956964808903,231924.34,245213145.0
2018-05-08,300156.SZ,300156.SZ,10.777105317681405,11.439385532734452,10.726932574116779,11.00789993807868,398329.33,440590737.0
2018-05-09,300156.SZ,300156.SZ,10.917210854079732,11.188134285201194,10.545945411431799,11.037621267911492,299981.37,325369384.0
2018-05-10,300156.SZ,300156.SZ,11.057689670216783,11.188134285201192,10.846971446011201,10.927245055232376,234484.49,257358998.0
2018-05-11,300156.SZ,300156.SZ,10.937821472778756,11.008064362970913,10.58660702181797,10.626745816213488,212927.76,227685382.0
2018-05-14,300156.SZ,300156.SZ,10.435812809417259,10.70674256504636,10.335468455480553,10.405709503236245,180602.84,188734953.0
2018-05-15,300156.SZ,300156.SZ,10.45594913750576,10.626535639749136,10.36563863631809,10.57636313908932,147431.27,154416143.0
2018-05-16,300156.SZ,300156.SZ,10.475700805958134,10.606145356223896,10.275016882472347,10.335222059518083,174350.11,180896348.0
2018-05-17,300156.SZ,300156.SZ,10.53638442511131,10.636730943445704,10.335691388442523,10.38586464760972,168879.09,176642082.0
2018-05-18,300156.SZ,300156.SZ,10.345901917618647,10.345901917618647,9.763882217112457,10.034822422520511,310810.32,310837196.0
2018-05-21,300156.SZ,300156.SZ,9.964578665562867,10.315797450351084,9.964578665562867,10.095031357055634,239116.99,241651270.0
2018-05-22,300156.SZ,300156.SZ,10.195621847726336,10.386288004327517,10.085236178115126,10.135411482483857,217196.53,220632854.0
2018-05-23,300156.SZ,300156.SZ,10.065620745593995,10.186046916029817,9.75451980530146,9.77459083370743,273053.33,268241764.00000003
2018-05-24,300156.SZ,300156.SZ,9.804435917719685,9.834541657487506,9.011651437167123,9.031721930345666,458315.97,425877565.0
2018-05-25,300156.SZ,300156.SZ,9.071758039674817,9.152039084273708,8.64024742495577,8.680387947255218,366893.46,323612870.0
2018-05-28,300156.SZ,300156.SZ,8.530069034022263,8.570210535358838,7.81755738529805,7.81755738529805,524649.74,423792926.0
2018-05-29,300156.SZ,300156.SZ,7.7170046235549,8.600094879566385,7.686899273918145,8.600094879566385,512379.06,422460286.0
2018-05-30,300156.SZ,300156.SZ,8.529665894180354,8.690224311011985,7.7369087110741805,7.897467127905811,588708.38,478504593.0
2018-05-31,300156.SZ,300156.SZ,8.038273452355485,8.35940297854197,7.847602796182259,8.048308750048811,393252.09,315956926.0
2018-06-01,300156.SZ,300156.SZ,8.098460478815358,8.259024751009964,7.827508269486963,7.877684604547777,246784.75,196969563.0
2018-06-04,300156.SZ,300156.SZ,7.827574345855471,7.978104621737307,7.727220828600914,7.727220828600913,189019.51,147479784.0
2018-06-05,300156.SZ,300156.SZ,7.667136012134943,7.978237080690157,7.566780828730035,7.857810860604268,234302.5,182611766.0
2018-06-06,300156.SZ,300156.SZ,7.887895614848962,8.118711898744033,7.837718161828294,7.988250520890298,252676.98,201280042.0
2018-06-07,300156.SZ,300156.SZ,8.088194710179385,8.118299653269382,7.706865431039414,7.747005355159411,231354.64,181040409.0
2018-06-08,300156.SZ,300156.SZ,7.727149919840404,7.947925631835844,7.727149919840404,7.807431996929655,188068.02,146786334.0
2018-06-11,300156.SZ,300156.SZ,7.777052684763124,7.887436658353311,7.576354550962785,7.646598897792904,158796.58,122163498.0
2018-06-12,300156.SZ,300156.SZ,7.8570637763579185,8.408964807902855,7.8570637763579185,8.408964807902855,500655.74,415148683.0
2018-06-13,300156.SZ,300156.SZ,8.429205481988209,8.429205481988209,7.907397523579414,7.987675671026921,549319.79,444507068.0
2018-06-14,300156.SZ,300156.SZ,8.047581206072175,8.097753158728487,7.766618271196839,7.887030957571984,278975.49,220398920.0
2018-06-15,300156.SZ,300156.SZ,7.8673277951171405,7.8673277951171405,7.435828949211482,7.686700371249655,301217.63,228726864.0
2018-06-19,300156.SZ,300156.SZ,7.4360124166891834,7.486187939069002,6.914186983939064,6.914186983939065,292796.38,208064011.0
2018-06-20,300156.SZ,300156.SZ,6.924203049309431,7.17507997138586,6.853957511128031,6.934238126192487,227175.53,158174404.0
2018-06-21,300156.SZ,300156.SZ,6.5224759313517815,6.672994606690669,6.2415077373858585,6.2415077373858585,435641.09,277568173.0
2018-06-22,300156.SZ,300156.SZ,6.020974463998225,6.472547548798092,5.950729761918245,6.322023187198135,286167.12,177125675.0
2018-06-25,300156.SZ,300156.SZ,6.432427633613084,6.924142070503944,6.332077748533316,6.482602576152968,285746.93,186939102.0
2018-06-26,300156.SZ,300156.SZ,6.342139123245846,6.8539256664191655,6.221718760146241,6.753575363836162,303496.89,200228090.0
2018-06-27,300156.SZ,300156.SZ,6.723292208551746,6.763431266513249,6.512562154253856,6.592840270176861,178622.52,117971729.0
2018-06-28,300156.SZ,300156.SZ,6.632754171959335,6.903683616199731,6.442100118604982,6.5625132049340476,209660.0,139634340.0
2018-06-29,300156.SZ,300156.SZ,6.522518278130365,6.753315078741132,6.251582903500334,6.693107217712235,275956.11,181087397.0
2018-07-02,300156.SZ,300156.SZ,6.402092928850683,7.2048632020608006,6.402092928850683,6.673027896059098,308694.98,205780745.0
2018-07-03,300156.SZ,300156.SZ,6.702981934841407,6.843463592158443,6.452121832489558,6.73308514712363,231749.57,153784782.0
2018-07-04,300156.SZ,300156.SZ,6.692770543988923,6.793111931455023,6.5322243240431614,6.602463295269432,201055.92,133011796.0
2018-07-05,300156.SZ,300156.SZ,6.572301801628441,6.702744432805799,6.180973908096367,6.2512122479610985,215473.72,139507166.0
2018-07-06,300156.SZ,300156.SZ,6.160969305029501,6.381720648206454,6.040559481478436,6.231208368767623,196546.2,121960120.0
2018-07-09,300156.SZ,300156.SZ,6.2515129649689465,6.371927339896117,6.1712367150175,6.291651089944669,154606.0,96846980.0
2018-07-10,300156.SZ,300156.SZ,6.291867301407207,6.3821811861164015,6.081134903752419,6.161413912382814,210582.95,129999428.0
2018-07-11,300156.SZ,300156.SZ,6.061006179069021,6.091110514395523,5.549232478518491,5.569302035402826,422299.03,240997669.0
2018-07-12,300156.SZ,300156.SZ,5.59964047560319,5.960907603061461,5.59964047560319,5.880626019181845,354067.25,205429365.0
2018-07-13,300156.SZ,300156.SZ,5.990974413625943,6.111396009879731,5.870552817372155,5.890623083414454,247927.66,147718714.0
2018-07-16,300156.SZ,300156.SZ,6.0209730198886575,6.261811940684204,5.900553559490885,5.940693379623476,259581.82,156506768.0
2018-07-17,300156.SZ,300156.SZ,6.071324702672266,6.1516066822117335,5.94086648592063,6.061289455229832,219355.35,132119723.0
2018-07-18,300156.SZ,300156.SZ,6.201507284627482,6.653073349042105,6.121228873175993,6.412238114687639,512615.72,330373723.0
2018-07-19,300156.SZ,300156.SZ,6.37232193242371,6.37232193242371,5.9006697578978615,6.021091589691695,394208.51,240928856.0
2018-07-20,300156.SZ,300156.SZ,6.011054367831733,6.011054367831733,5.740105339565527,5.830421682320928,226675.0,131616810.99999999
2018-07-23,300156.SZ,300156.SZ,5.790279533896798,6.231825980155826,5.770209240885024,6.141509661602843,361293.79,215506930.0
2018-07-24,300156.SZ,300156.SZ,6.091332806747394,6.7536523541037825,6.041157083462818,6.7536523541037825,661173.11,430793559.0
2018-07-25,300156.SZ,300156.SZ,6.803827287658313,6.884108435595285,6.593089274323764,6.743616426705584,403683.81,270065209.0
2018-07-26,300156.SZ,300156.SZ,6.73358286758553,7.0747778265988055,6.653301700758877,6.8238991802655145,385489.08,263667809.0
2018-07-27,300156.SZ,300156.SZ,6.7235477217321975,6.86403976367884,6.653301700758876,6.653301700758876,185743.0,124650735.0
2018-07-30,300156.SZ,300156.SZ,6.833936851022824,6.833936851022824,6.472671466827785,6.573022962437519,186230.64,122806836.0
2018-07-31,300156.SZ,300156.SZ,6.482705769952411,6.703479031467818,6.412459732197509,6.532881511205913,118623.66,77686914.0
2018-08-01,300156.SZ,300156.SZ,6.5529522445707675,6.573022542410188,6.292038372658301,6.322143819417432,172674.68,110079695.0
2018-08-02,300156.SZ,300156.SZ,6.261933238995819,6.312108986103157,5.8404569632941765,6.021089652880594,199775.96,120867263.0
2018-08-03,300156.SZ,300156.SZ,6.0110545034591265,6.522847123953977,5.990984204616191,6.201722342467011,200884.49,125904982.0
2018-08-06,300156.SZ,300156.SZ,6.151546494514647,6.271968285598131,6.051195001945077,6.121441046743776,133452.5,81814042.0
2018-08-07,300156.SZ,300156.SZ,6.231830675069196,6.322147061664402,6.071268210011052,6.282006445399865,108713.5,67267469.0
2018-08-08,300156.SZ,300156.SZ,6.221792820978591,6.643269108851333,6.211757671267335,6.382355216358683,223223.35,143107940.0
2018-08-09,300156.SZ,300156.SZ,6.342215315739122,6.603129236956238,6.30207471247495,6.562988633692067,168938.67,109503042.0
2018-08-10,300156.SZ,300156.SZ,6.603129315448116,6.843972937896072,6.502777806094802,6.753656579478089,248314.25,165476871.0
2018-08-13,300156.SZ,300156.SZ,6.653305560368305,6.703481318742123,6.593094650319724,6.673375863717832,147463.82,97723595.0
2018-08-14,300156.SZ,300156.SZ,6.653304712213206,7.094851329614988,6.643269561817711,7.084816179219493,309002.16,212307240.0
2018-08-15,300156.SZ,300156.SZ,7.024608436912507,7.325663084208758,6.954362352543382,7.004538127092758,304077.33,215867344.0
2018-08-16,300156.SZ,300156.SZ,6.874083696938217,7.616685439381178,6.663345364623323,7.315630678931329,295652.11,207718166.0
2018-08-17,300156.SZ,300156.SZ,7.2353471165177705,7.767210358092586,7.2052416500135354,7.536401781560119,381287.61,283112617.0
2018-08-20,300156.SZ,300156.SZ,7.526370292474448,7.656827377544006,6.874084867126663,7.024612272976152,302979.25,221029650.0
2018-08-21,300156.SZ,300156.SZ,6.984471631416288,7.586581254814244,6.864049706736697,7.516335132084484,291835.59,209857116.0
2018-08-22,300156.SZ,300156.SZ,7.8173856987319486,7.8173856987319486,6.763694429968336,6.763694429968337,547840.51,387908447.0
2018-08-23,300156.SZ,300156.SZ,6.422502347044419,6.573029745803272,6.0913420697749405,6.151553029278482,561394.73,346739030.0
2018-08-24,300156.SZ,300156.SZ,6.06123501328257,6.19169205827044,5.890637339067663,5.940813125601459,295349.59,178141616.0
2018-08-27,300156.SZ,300156.SZ,5.950850843273194,6.011061813019635,5.619690509667772,5.970921166522008,262070.76,152731054.0
2018-08-28,300156.SZ,300156.SZ,5.920743414720942,6.011059839691261,5.840462148080658,5.960884048041084,147880.0,87485764.0
2018-08-29,300156.SZ,300156.SZ,5.9508517906256975,6.151555055065013,5.940816627403732,6.011062769957493,176009.65,106165269.0
2018-08-30,300156.SZ,300156.SZ,5.970924159207924,5.980959325862055,5.750150492817043,5.780255992779436,148699.0,86879865.0
2018-08-31,300156.SZ,300156.SZ,5.770220826125305,5.8304318260500905,5.5895878263509475,5.599622993005078,137778.61,77834932.0
2018-09-03,300156.SZ,300156.SZ,5.619693147910378,5.710009644930366,5.559482149897052,5.689939312259257,120653.01,67897717.0
2018-09-04,300156.SZ,300156.SZ,5.679905793677465,5.970925701834084,5.639765116690345,5.8806091786130645,202319.94,118092045.0
2018-09-05,300156.SZ,300156.SZ,5.780259609914046,5.990998241525496,5.740118918178532,5.7902947828479245,190696.36,111003677.0
2018-09-06,300156.SZ,300156.SZ,5.7300844741599,5.870576913106027,5.639767906265962,5.679908603107712,130115.5,74727857.0
2018-09-07,300156.SZ,300156.SZ,5.699976643924652,5.860539366288727,5.669871133481388,5.800328345402199,158653.59,91162423.0
2018-09-10,300156.SZ,300156.SZ,5.8003269392619945,5.830432442406952,5.619693920392243,5.629729088107229,108463.5,61631535.0
2018-09-11,300156.SZ,300156.SZ,5.639766895071324,5.7802593088275485,5.418993102025827,5.6397668950713244,147136.98,82317042.0
2018-09-12,300156.SZ,300156.SZ,5.619695840179045,5.679906867038106,5.53941447103363,5.559484813319984,112135.41,62692560.0
2018-09-13,300156.SZ,300156.SZ,5.6096618929618325,5.649802586292507,5.4189935996411265,5.519345332967814,133819.13,73589343.0
2018-09-14,300156.SZ,300156.SZ,5.519342810415103,5.619694497877195,5.429026291699219,5.489237304176474,130507.29,72071371.0
2018-09-17,300156.SZ,300156.SZ,5.469166467556197,5.479201635386575,5.138005929153711,5.168111432644847,166152.23,87366025.0
2018-09-18,300156.SZ,300156.SZ,5.1480412435127745,5.298568765252915,5.1480412435127745,5.2885335971369045,158589.86,82739477.0
2018-09-19,300156.SZ,300156.SZ,5.258429832419223,5.479203604009343,5.258429832419223,5.33871120390654,160468.45,86015443.0
2018-09-20,300156.SZ,300156.SZ,5.358780510880076,5.569519070296709,5.3387101718880166,5.398921188864197,189986.0,102808147.0
2018-09-21,300156.SZ,300156.SZ,5.388884594374098,5.469165929113378,5.29856809279241,5.388884594374098,150770.0,80639439.0
2018-09-25,300156.SZ,300156.SZ,5.408953781319879,5.459129604894276,5.338707628315726,5.348742793030605,110057.0,59063705.0
2018-09-26,300156.SZ,300156.SZ,5.368810519092491,5.378845678941262,5.268458920604781,5.318634719848636,132577.0,70270285.0
2018-09-27,300156.SZ,300156.SZ,5.298566982297489,5.308602147036688,5.148039511209491,5.148039511209491,165149.21,85786979.0
2018-09-28,300156.SZ,300156.SZ,5.1781433633305225,5.208248848001049,5.127967555546313,5.158073040216838,109021.26,56137649.0
2018-10-08,300156.SZ,300156.SZ,4.987473494988941,5.1380008640529935,4.867051599737699,4.89715707355051,160119.48,79534934.0
2018-10-09,300156.SZ,300156.SZ,4.897154811770748,4.96740088489041,4.836943891953895,4.867049351862321,90025.86,43941891.0
2018-10-10,300156.SZ,300156.SZ,4.907191375764717,4.987472625265981,4.857015594826429,4.887121063389402,101380.0,49595483.0
2018-10-11,300156.SZ,300156.SZ,4.636242243378176,4.666347712491022,4.395398490475413,4.395398490475413,182298.29,81581045.0
2018-10-12,300156.SZ,300156.SZ,4.23483812164281,4.295049090196974,3.9538536017233823,4.064240377406015,288989.52,117078853.0
2018-10-15,300156.SZ,300156.SZ,4.014066437284321,4.094347766030008,3.8535037797929483,3.8836092780725813,184121.27,73033002.0
2018-10-16,300156.SZ,300156.SZ,3.923750342828072,4.064242682468974,3.8735745072420347,3.933785509945279,204877.09,80772753.0
2018-10-17,300156.SZ,300156.SZ,3.97392569914663,4.034136694588245,3.8936443718911424,3.9939960309605023,169209.59,67005804.99999999
2018-10-18,300156.SZ,300156.SZ,3.983962475590937,3.983962475590937,3.7130128865708985,3.773223906353129,193547.59,74147116.0
2018-10-19,300156.SZ,300156.SZ,3.7330841549335156,3.9036820867449937,3.6728731201765235,3.873576569366497,182606.18,69650350.0
2018-10-22,300156.SZ,300156.SZ,3.9438235361340412,4.124456675193616,3.893647664173048,4.064245628840424,223390.11,89906830.0
2018-10-23,300156.SZ,300156.SZ,4.084316367535655,4.4455826801432305,4.034140490784601,4.20473847173818,410382.68,173826709.0
2018-10-24,300156.SZ,300156.SZ,4.094351067738896,4.154562112852703,4.034140022625087,4.064245545181992,211997.8,86323827.0
2018-10-25,300156.SZ,300156.SZ,3.9036841912093068,4.014071147773066,3.8535083018621434,3.9638952584259033,175109.5,68575846.0
2018-10-26,300156.SZ,300156.SZ,4.0140699850068655,4.0742810347819685,3.983964460119314,3.983964460119314,120080.38,48156143.0
2018-10-29,300156.SZ,300156.SZ,3.963895950573688,4.044177387547332,3.9036848728434546,3.9337904117085714,103326.0,40998013.0
2018-10-30,300156.SZ,300156.SZ,3.9137197362049547,4.024106703123556,3.833438305718699,3.973930809069646,124128.51,48748464.0
2018-10-31,300156.SZ,300156.SZ,4.014073441481263,4.104390093914591,4.014073441481263,4.034143808688669,142046.0,57480089.0
2018-11-01,300156.SZ,300156.SZ,4.084320997384434,4.204743238093557,4.0341450637556315,4.064250623932913,194144.75,79224606.0
2018-11-02,300156.SZ,300156.SZ,4.12446159698527,4.325165324332485,4.104391224250548,4.2147782742915165,244548.13,102541854.0
2018-11-05,300156.SZ,300156.SZ,4.194709083164655,4.395412867048131,4.164603515582135,4.2749905967180455,243412.91,103505753.0
2018-11-06,300156.SZ,300156.SZ,4.274991688205006,4.274991688205006,4.144534195372459,4.244886112935957,200867.0,83949402.0
2018-11-07,300156.SZ,300156.SZ,4.274993100038288,4.465661806378025,4.254922709897264,4.345239465531876,297474.23,128379994.0
2018-11-08,300156.SZ,300156.SZ,4.355275198782781,4.53590873237285,4.274993628298306,4.3853807877144595,365265.9,159919838.0
2018-11-09,300156.SZ,300156.SZ,4.385382276146663,4.566015871045152,4.325171077847166,4.405452675579828,305910.1,134765132.0
2018-11-12,300156.SZ,300156.SZ,4.525875934250263,4.847002386347842,4.415488716341721,4.847002386347843,511725.02,237852042.0
2018-11-13,300156.SZ,300156.SZ,4.927282597219277,5.188197765300134,4.847001007040551,5.007564187398002,726226.57,363467499.0
2018-11-14,300156.SZ,300156.SZ,4.967424008104929,5.057740808252291,4.816896007859325,4.8570368079248185,410725.6,200835245.0
2018-11-15,300156.SZ,300156.SZ,4.816893796825091,4.957386532565823,4.786788210594934,4.89717536010551,247299.63,120114414.0
2018-11-16,300156.SZ,300156.SZ,4.897173478935852,4.897173478935852,4.736610414052709,4.806856754939084,326198.67,156248325.0
2018-11-19,300156.SZ,300156.SZ,4.70650624827577,4.7466470265126635,4.415485606058291,4.6262246918019825,401120.46,183756917.0
2018-11-20,300156.SZ,300156.SZ,4.616188587993313,4.796822054480009,4.5760478176629364,4.636258973158502,333522.3,156769046.0
2018-11-21,300156.SZ,300156.SZ,4.555979551557019,4.746648299309406,4.4857331708061405,4.746648299309406,262978.08,121979704.0
2018-11-22,300156.SZ,300156.SZ,4.746645965873059,4.867068273675335,4.676399619655064,4.776751542823627,290058.88,137999322.0
2018-11-23,300156.SZ,300156.SZ,4.75667896279861,4.836960464280443,4.395412206130361,4.435552956871278,288379.77,131632266.0
2018-11-26,300156.SZ,300156.SZ,4.435551944187954,4.505798241946587,4.345235275641141,4.395411202611593,159076.03,70052313.0
2018-11-27,300156.SZ,300156.SZ,4.425517692618502,4.4957640051997485,4.315130629990829,4.375341755060469,142249.0,62375715.0
2018-11-28,300156.SZ,300156.SZ,4.395412608495887,4.455623740119118,4.194708836418449,4.425518174307502,209175.75,90292749.0
2018-11-29,300156.SZ,300156.SZ,4.4455899679004345,4.555977077712861,4.3151324744857495,4.3151324744857495,239669.65,106475761.0
2018-11-30,300156.SZ,300156.SZ,4.285025795211263,4.355272119722923,4.12446276775604,4.285025795211263,174279.0,73651489.0
2018-12-03,300156.SZ,300156.SZ,4.385375980311006,4.545938945265185,4.355270424382097,4.485727833407368,258418.52,114745385.0
2018-12-04,300156.SZ,300156.SZ,4.475690827982721,4.5660074590406685,4.425514921839417,4.515831552897365,204134.78,91535058.0
2018-12-05,300156.SZ,300156.SZ,4.3351992760538085,4.515832579222717,4.325164092544425,4.415480744128879,210771.45,92666989.0
2018-12-06,300156.SZ,300156.SZ,4.405447226981881,4.4255176015922775,4.234849042793517,4.244884230098715,172442.86,74164823.0
2018-12-07,300156.SZ,300156.SZ,4.295058761698482,4.365305049857102,4.234847657562521,4.295058761698482,136548.54,58512260.0
2018-12-10,300156.SZ,300156.SZ,4.224814139090933,4.274990078985124,4.1445326352602265,4.174638199196742,127529.96,53336433.0
2018-12-11,300156.SZ,300156.SZ,4.1545690954512215,4.224815432813923,4.1545690954512215,4.194709859658479,98007.0,40889108.0
2018-12-12,300156.SZ,300156.SZ,4.194710144735848,4.234850911671119,4.134498994332941,4.134498994332941,99861.89,41557635.0
2018-12-13,300156.SZ,300156.SZ,4.134500827460204,4.224817593108607,4.114430435093893,4.164606416009673,121566.53,50521795.0
2018-12-14,300156.SZ,300156.SZ,4.154570593509248,4.2549225402123705,3.983972284113941,3.994007478784253,201015.19,82730713.0
2018-12-17,300156.SZ,300156.SZ,3.9839712930760594,4.04418244612003,3.893654563510103,4.034147253946034,138782.5,54956594.0
2018-12-18,300156.SZ,300156.SZ,4.014075601994822,4.064251547019757,3.9538644679648995,4.004040412989835,91799.77,36660900.0
2018-12-19,300156.SZ,300156.SZ,4.014074780933903,4.094356276552581,3.9638988461722295,3.9739340331245643,106419.75,42829047.0
2018-12-20,300156.SZ,300156.SZ,3.923757080729868,4.054214477275874,3.923757080729868,4.024108924226795,92965.5,37130627.0
2018-12-21,300156.SZ,300156.SZ,4.044180502115467,4.05421568946563,3.9438286286138426,3.994004565364655,99222.5,39556407.0
2018-12-24,300156.SZ,300156.SZ,3.963900009379904,3.994005579071397,3.923759249791247,3.9538648194827397,76397.46,30127750.0
2018-12-25,300156.SZ,300156.SZ,3.89365365960684,3.9036888494511874,3.7230554322529317,3.8133721408520596,125930.04,47675939.0
2018-12-26,300156.SZ,300156.SZ,3.8535118780774855,3.8735822524424726,3.7631951934350445,3.783265567800032,70360.38,26736228.0
2018-12-27,300156.SZ,300156.SZ,3.8735814392042096,3.8836166242798686,3.6327369973884043,3.6327369973884043,113373.0,42533033.0
2018-12-28,300156.SZ,300156.SZ,3.6728761592642423,3.682911340027259,3.61266507468614,3.642770616975191,104032.16,37856496.0
2019-01-02,300156.SZ,300156.SZ,3.6327341280248984,3.6728748366218587,3.602628596577178,3.622698950875658,76364.38,27691112.0
2019-01-03,300156.SZ,300156.SZ,3.6427701824903056,3.983966287737332,3.6427701824903056,3.833438594245996,289061.46,111121302.0
2019-01-04,300156.SZ,300156.SZ,3.743122720911692,3.853509718043136,3.642770905337652,3.8434745364857323,214734.46,80306886.0
2019-01-07,300156.SZ,300156.SZ,3.8535099782801563,3.88361552498547,3.7832637026344242,3.863545160515261,178190.2,68288038.0
2019-01-08,300156.SZ,300156.SZ,3.8334411611618746,3.883617092590695,3.823405974876111,3.853511533733403,122043.9,46853751.0
2019-01-09,300156.SZ,300156.SZ,3.823404686991993,3.9036861502359197,3.8033343211810116,3.813369504086502,166872.0,64265145.0
2019-01-10,300156.SZ,300156.SZ,3.813369504086502,3.873580601519447,3.7932991382755206,3.813369504086502,127622.2,48764993.0
2019-01-11,300156.SZ,300156.SZ,3.8234039006876874,3.903685347421287,3.8033335390042873,3.903685347421287,148671.73,57173032.0
2019-01-14,300156.SZ,300156.SZ,3.913720621942468,3.9337909841062753,3.7431225435501037,3.773228086795815,150538.75,57377412.0
2019-01-15,300156.SZ,300156.SZ,3.662841342523567,3.7130172513252604,3.44206734379612,3.562489524920182,354330.58,125999792.0
2019-01-16,300156.SZ,300156.SZ,3.5323836303921627,3.5825595342329604,3.4922429073195245,3.552453991928482,139762.62,49344371.0
2019-01-17,300156.SZ,300156.SZ,3.5424203698245993,3.5624907401918775,3.5022796290900438,3.512314814273682,107119.0,37603777.0
2019-01-18,300156.SZ,300156.SZ,3.5223514919785077,3.572527439157689,3.502281113106836,3.552457060286016,122609.24,43202762.0
2019-01-21,300156.SZ,300156.SZ,3.5825625888975394,3.642773724845397,3.5323866422743246,3.6227033461961113,151079.37,54169297.0
2019-01-22,300156.SZ,300156.SZ,3.5925962457864062,3.622701800918694,3.5123147654336373,3.552455505610022,120370.26,42657241.0
2019-01-23,300156.SZ,300156.SZ,3.5323841525972703,3.542419334848967,3.4219971478286055,3.4621378768353925,126978.08,43877304.0
2019-01-24,300156.SZ,300156.SZ,3.4219983278276223,3.5725261135091895,3.3718223992670997,3.492244627812353,185533.24,64483925.0
2019-01-25,300156.SZ,300156.SZ,3.4521046592676106,3.4822102231565726,3.171119396303968,3.221295336118904,319613.79,105998090.0
2019-01-28,300156.SZ,300156.SZ,3.191191243492759,3.261437591619958,3.0808041250071603,3.0908393175967603,248123.4,78245340.0
2019-01-29,300156.SZ,300156.SZ,3.100874592876347,3.141015364305167,2.9302763143038617,3.0105578571615017,191971.05,57810522.0
2019-01-30,300156.SZ,300156.SZ,3.171120942876782,3.1911913285911924,3.0406634357331166,3.040663435733117,220829.39,68352250.0
2019-01-31,300156.SZ,300156.SZ,2.920239959412992,2.970415903732803,2.809852881909408,2.900169581685068,239985.94,69411321.0
2019-02-01,300156.SZ,300156.SZ,2.910203883175117,3.0808020418440036,2.910203883175117,3.060731670235899,200118.77,60025427.0
2019-02-11,300156.SZ,300156.SZ,3.080802584934106,3.191189648237934,3.0406618346418046,3.1309785227994826,176056.5,54733444.0
2019-02-12,300156.SZ,300156.SZ,3.120942098443909,3.2915402195807144,3.120942098443909,3.241364301599301,226589.65,72672557.0
2019-02-13,300156.SZ,300156.SZ,3.241365155611453,3.442068880417116,3.2212947831308867,3.3517522042545673,457188.44,152961835.0
2019-02-14,300156.SZ,300156.SZ,3.3417174732327015,3.3718230360546175,3.231330409552342,3.241365597159647,301608.7,99326215.0
2019-02-15,300156.SZ,300156.SZ,3.301576965864343,3.3918936609791728,3.261436212479974,3.271471400826066,276842.24,91837161.0
2019-02-18,300156.SZ,300156.SZ,3.301576113844481,3.432033528677241,3.301576113844481,3.421998342920875,289547.85,97426510.0
2019-02-19,300156.SZ,300156.SZ,3.4420699918018847,3.632738591930852,3.4420699918018847,3.5424218866066037,418167.06,147661230.0
2019-02-20,300156.SZ,300156.SZ,3.552458056765367,3.662845171523613,3.462141326508621,3.5624932490161165,309479.14,109736740.0
2019-02-21,300156.SZ,300156.SZ,3.5424243362948893,3.6227059076556802,3.472177961354198,3.5022835506144947,281095.06,99436131.0
2019-02-22,300156.SZ,300156.SZ,3.50228479652489,3.6728831963556154,3.472179196554762,3.5825663964452312,358294.5,127596055.0
2019-02-25,300156.SZ,300156.SZ,3.6026356963835466,3.943832391862769,3.6026356963835466,3.9438323918627685,550935.87,207463612.0
2019-02-26,300156.SZ,300156.SZ,4.074291374829352,4.204748980427337,3.92376336837014,3.9940097713844387,830533.98,334385649.0
2019-02-27,300156.SZ,300156.SZ,3.9137281679395257,4.114432176551809,3.8334465644946123,3.9940097713844387,476311.38,188391030.0
2019-02-28,300156.SZ,300156.SZ,3.9538701923047563,4.144539059446356,3.9438349887709885,4.024116617041135,334397.22,134519180.0
2019-03-01,300156.SZ,300156.SZ,4.084329330993007,4.10439974539592,3.8735899797624085,3.9538716373740646,363004.29,143148695.0
2019-03-04,300156.SZ,300156.SZ,3.973942877769553,4.3452456213995365,3.943837249907663,4.3452456213995365,983696.6,415999869.0
2019-03-05,300156.SZ,300156.SZ,4.234856338418445,4.355278793539348,4.164609906264585,4.355278793539348,776921.8,329248965.0
2019-03-06,300156.SZ,300156.SZ,4.30510297918962,4.666370362058679,4.224821338552051,4.555983106182022,831760.39,365936440.0
2019-03-07,300156.SZ,300156.SZ,4.505807367777624,4.877109979376225,4.425525722026575,4.726581893593008,746315.6,342387841.0
2019-03-08,300156.SZ,300156.SZ,4.596122614940042,4.706509839316332,4.254925739595149,4.254925739595149,619514.85,275167203.0
2019-03-11,300156.SZ,300156.SZ,4.254926283603918,4.405454336089906,4.1846798591104575,4.39541913259084,423871.45,181994626.0
2019-03-12,300156.SZ,300156.SZ,4.4355586352041625,4.616192244782613,4.375347432011346,4.616192244782613,595129.03,267069815.0
2019-03-13,300156.SZ,300156.SZ,4.636262220501688,4.706508617782017,4.305100633322996,4.375347030603326,453281.59,202579520.0
2019-03-14,300156.SZ,300156.SZ,4.385383133993809,4.475699949110386,4.1244678903236975,4.285031117197612,351608.08,150104235.0
2019-03-15,300156.SZ,300156.SZ,4.254925850166853,4.365313077411748,4.224820242736427,4.295066660074088,273690.79,117434861.0
2019-03-18,300156.SZ,300156.SZ,4.3051003842328575,4.3352059813253945,4.184677995862707,4.325170782294548,234741.81,99871270.0
2019-03-19,300156.SZ,300156.SZ,4.315136769686789,4.656333630545745,4.244890357157004,4.5258760072761435,639518.33,287806831.0
2019-03-20,300156.SZ,300156.SZ,4.48573642000571,4.867074191728791,4.355278761258341,4.686440510386279,624459.27,283599424.0
2019-03-21,300156.SZ,300156.SZ,4.596125767337387,5.077815804088903,4.596125767337387,4.947358085802034,973734.2,470636438.0
2019-03-22,300156.SZ,300156.SZ,4.826937292398535,4.927289419059628,4.626233039076351,4.686444315073007,599302.31,283234871.0
2019-03-25,300156.SZ,300156.SZ,4.535917113809153,4.626234047491194,4.415494535566433,4.465670609834232,372799.08,168573085.0
2019-03-26,300156.SZ,300156.SZ,4.465669546579326,4.515845608900442,4.194718810045299,4.214789234973746,327194.7,141629262.0
2019-03-27,300156.SZ,300156.SZ,4.244894669746135,4.295070729672212,4.12447212592355,4.204753821805274,198891.36,83314061.0
2019-03-28,300156.SZ,300156.SZ,4.194718123025552,4.24489417712873,4.044189960716023,4.064260382357294,238548.75,98385666.0
2019-03-29,300156.SZ,300156.SZ,4.084331732255567,4.204754289471947,3.994014814343281,4.194719076370581,227464.17,93162831.0
2019-04-01,300156.SZ,300156.SZ,4.214788821198565,4.3753522048632725,4.194718398240476,4.34524657042614,256555.06,110113244.0
2019-04-02,300156.SZ,300156.SZ,4.385387416342316,4.445598685216581,4.315140935989007,4.34524657042614,277300.5,121007792.0
2019-04-03,300156.SZ,300156.SZ,4.325174948214664,4.425527035180202,4.264963696035342,4.415491826483648,240891.98,104909014.0
2019-04-04,300156.SZ,300156.SZ,4.435563035941441,4.606161614246881,4.345246141544444,4.495774298872774,379828.42,169756418.0
2019-04-08,300156.SZ,300156.SZ,4.495773020074751,4.6161955116838955,4.3151392826610335,4.5158434353429415,449490.02,200154809.0
2019-04-09,300156.SZ,300156.SZ,4.465669390773981,4.555986299800871,4.395422905975289,4.495775027116278,267381.2,119121667.0
2019-04-10,300156.SZ,300156.SZ,4.485741663203991,4.736622069423454,4.375354284467428,4.676410771930783,558239.17,255784102.0
2019-04-11,300156.SZ,300156.SZ,4.475708284238049,4.50581394534279,4.204757334295388,4.204757334295388,749606.28,321644049.0
2019-04-12,300156.SZ,300156.SZ,4.044194470727983,4.144546690845303,4.024124026704519,4.044194470727983,385678.09,156504170.0
2019-04-15,300156.SZ,300156.SZ,4.074299921787544,4.144546472163191,3.9739477069651907,3.9940181499296616,223018.55,90453380.0
2019-04-16,300156.SZ,300156.SZ,3.96391174891242,4.114440043174917,3.95387652929492,4.1044048235574175,225553.77,91243611.0
2019-04-17,300156.SZ,300156.SZ,4.10440512026138,4.204757323690755,4.074299459232568,4.164616442319005,262134.81,108790481.0
2019-04-18,300156.SZ,300156.SZ,4.194720946529971,4.224826599256263,4.144544858652818,4.18468572895454,246321.83,102590050.0
2019-04-19,300156.SZ,300156.SZ,4.17465119541823,4.19472163385774,4.0843342224404315,4.1646159761984745,221926.77,91637539.0
2019-04-22,300156.SZ,300156.SZ,4.164614467279643,4.244896191950094,4.11443838936061,4.154579251695836,241316.66,100620474.0
2019-04-23,300156.SZ,300156.SZ,4.164615249466115,4.164615249466115,3.9137348127512883,3.953875682625661,294514.96,117787423.0
2019-04-24,300156.SZ,300156.SZ,3.9639104139542383,4.345248630992874,3.9538751977163793,4.254931684852144,763006.15,322567311.0
2019-04-25,300156.SZ,300156.SZ,4.14454539196015,4.264968018360928,3.973946671225712,3.983981890092444,462362.78,189365761.0
2019-04-26,300156.SZ,300156.SZ,3.943840981760176,3.943840981760176,3.582573105568404,3.6126787619177185,478277.21,175223185.0
2019-04-29,300156.SZ,300156.SZ,3.5725387661792407,3.5725387661792407,3.261446907326554,3.261446907326554,362153.17,121928019.0
2019-04-30,300156.SZ,300156.SZ,2.970425945173992,3.3818700794717413,2.970425945173992,3.2815178515942414,312410.4,100666014.0
2019-05-06,300156.SZ,300156.SZ,3.171129420761414,3.4721860113400287,3.171129420761414,3.311622496364767,472095.32,156837347.0
2019-05-07,300156.SZ,300156.SZ,3.3216563995400405,3.391902909500102,3.1309873010770173,3.2915507524142997,307283.27,99142916.0
2019-05-08,300156.SZ,300156.SZ,3.1911972262338324,3.2714789174598407,3.141021169217577,3.1811620148305813,236604.33,75592238.0
2019-05-09,300156.SZ,300156.SZ,3.14102250266996,3.301585953285677,3.120952071342995,3.1911985809873715,208208.23,66920975.99999999
2019-05-10,300156.SZ,300156.SZ,3.211268283375972,3.2815147770748214,3.1711274298337724,3.2714795636892715,187969.03,60706577.0
2019-05-13,300156.SZ,300156.SZ,3.211267454661576,3.231337876253211,3.090844925111767,3.110915346703402,228797.59,72085423.0
2019-05-14,300156.SZ,300156.SZ,3.1711278311423876,3.2112686897644434,3.130986972520332,3.130986972520332,221891.97,70312821.0
2019-05-15,300156.SZ,300156.SZ,3.1911977172707333,3.3617963373764015,3.151056865481164,3.3015850596920475,328810.61,107678178.0
2019-05-16,300156.SZ,300156.SZ,3.3216553060378864,3.4220074300873695,3.3015848812279898,3.341725730847783,236156.95,79185573.0
2019-05-17,300156.SZ,300156.SZ,3.4019371882930716,3.4320428271275234,3.141021651727821,3.171127290562273,193503.07,62765432.0
2019-05-20,300156.SZ,300156.SZ,3.1610913864461976,3.1711265971968206,3.010563225186855,3.120950543443706,164463.94,50614522.0
2019-05-21,300156.SZ,300156.SZ,3.1209496091464093,3.1811608556251185,3.050703154921249,3.1510552323857643,136832.72,42879660.0
2019-05-22,300156.SZ,300156.SZ,3.1610890488432197,3.241370675480508,3.090842625535593,3.1008778288652534,240363.59,75383679.0
2019-05-23,300156.SZ,300156.SZ,2.9603847261613327,3.0306311433922795,2.8600327015456943,2.90017351139195,322214.79,94838141.0
2019-05-24,300156.SZ,300156.SZ,2.9001722278692137,3.0306298021332267,2.9001722278692137,2.9704186140113746,210095.59,62449344.0
2019-05-27,300156.SZ,300156.SZ,3.0507012452788627,3.060736446743596,2.960384432096265,3.0406660438141295,164496.0,49528621.0
2019-05-28,300156.SZ,300156.SZ,3.0306318853587126,3.251406393563652,3.0306318853587126,3.0908431148691506,246133.72,77022429.0
2019-05-29,300156.SZ,300156.SZ,3.070772745437242,3.1209487706894845,3.010561515134551,3.050702335336345,173113.34,52999176.0
2019-05-30,300156.SZ,300156.SZ,2.799822863048203,2.860034107414831,2.749646826076013,2.749646826076013,432803.98,119731517.0
2019-05-31,300156.SZ,300156.SZ,2.6191882843833247,2.6894347134664027,2.518836242836071,2.548941855300247,456255.73,117029062.0
2019-06-03,300156.SZ,300156.SZ,2.5690118200392345,2.789786273323856,2.548941415195178,2.7897862733238563,544155.25,145235436.0
2019-06-04,300156.SZ,300156.SZ,2.809855366172577,2.809855366172577,2.508799434082658,2.579045818236972,436771.45,112832213.0
2019-06-05,300156.SZ,300156.SZ,2.599117159787936,2.629222763955364,2.488729944507367,2.508800347285652,261416.33,66606785.99999999
2019-06-06,300156.SZ,300156.SZ,2.4786947431182247,2.5288707500639376,2.3783427292267985,2.508800347285652,261492.63,64239976.0
2019-06-10,300156.SZ,300156.SZ,2.438553937561654,2.4686595417290813,2.318131520891942,2.3582723264485126,288994.86,68531401.0
2019-06-11,300156.SZ,300156.SZ,2.3783431143835156,2.498765550554833,2.3482375053406863,2.47869514452628,361536.06,88185597.0
2019-06-12,300156.SZ,300156.SZ,2.5088013757516956,2.58908301977575,2.4686605537396686,2.508801375751696,283794.39,71463175.0
2019-06-13,300156.SZ,300156.SZ,2.538906992260716,2.7596815133268655,2.498766170248689,2.6292238417877773,568542.42,150709606.0
2019-06-14,300156.SZ,300156.SZ,2.669365564308366,2.719541608750252,2.478696595429197,2.4987670132059514,433495.13,111349169.0
2019-06-17,300156.SZ,300156.SZ,2.5088030446524345,2.5088030446524345,2.408450922866337,2.448591771580776,225444.11,55103916.0
2019-06-18,300156.SZ,300156.SZ,2.448592243598467,2.5890852411819854,2.448592243598467,2.498768314164009,263206.8,65785352.0
2019-06-19,300156.SZ,300156.SZ,2.548943425126959,2.6191898974729773,2.5188377941215223,2.5589786354621045,355657.13,90988191.0
2019-06-20,300156.SZ,300156.SZ,2.609155846762137,2.7496488538954833,2.5690149875811814,2.7095079947145275,644446.97,171598426.0
2019-06-21,300156.SZ,300156.SZ,2.9804587941859806,2.9804587941859806,2.9804587941859806,2.9804587941859806,141094.06,41904935.0
2019-06-24,300156.SZ,300156.SZ,3.1510571566172048,3.281514936986707,3.0808106594951647,3.2815149369867065,367057.33,116946039.0
2019-06-25,300156.SZ,300156.SZ,3.2514106643774157,3.2514106643774157,2.9804597756792974,3.0507063023788095,1000214.06,310070813.0
2019-06-26,300156.SZ,300156.SZ,3.0205996550048324,3.050705299406874,2.8399657885925835,2.930282721798708,607441.11,177056884.0
2019-06-27,300156.SZ,300156.SZ,2.970424664804628,3.1209529417372948,2.8901429171072057,2.970424664804628,606811.31,181855005.0
2019-06-28,300156.SZ,300156.SZ,3.03063550173233,3.1309876706638646,2.9804594172665633,3.0808115861980974,581189.69,176893468.0
2019-07-01,300156.SZ,300156.SZ,3.1209514303414974,3.2614444207748767,3.060740148727192,3.090845789534345,623362.72,195588277.0
2019-07-02,300156.SZ,300156.SZ,3.060740109486934,3.2112683115928493,2.9603879747496578,3.1309866038030276,576614.14,177502873.0
2019-07-03,300156.SZ,300156.SZ,3.1309858671002972,3.191197133775303,3.040668967087788,3.0707746004252914,446020.57,138290766.0
2019-07-04,300156.SZ,300156.SZ,3.0808090646748076,3.1309851080734203,2.9503513518384152,2.980456977877583,360924.32,108855628.0
2019-07-05,300156.SZ,300156.SZ,3.0306331051691515,3.0306331051691515,2.8801049708064452,2.9001753887214727,287669.66,83766897.0
2019-07-08,300156.SZ,300156.SZ,2.809858967708958,2.860035020703761,2.649295598125589,2.699471651120392,371430.29,101971614.0
2019-07-09,300156.SZ,300156.SZ,2.759683366298632,2.8399650642273198,2.7195425173342884,2.759683366298632,272713.72,75489320.0
2019-07-10,300156.SZ,300156.SZ,2.829928784088177,2.8399639925423905,2.639259823458122,2.659330240366549,231536.0,62727114.0
2019-07-11,300156.SZ,300156.SZ,2.6994701710146414,2.769716606691602,2.639258940434389,2.6994701710146414,244950.08,65922042.0
2019-07-12,300156.SZ,300156.SZ,2.6593301829369924,2.6794005994119887,2.599118933512004,2.6292245582244984,208831.65,54822668.0
2019-07-15,300156.SZ,300156.SZ,2.468661149579044,2.5790484367553423,2.4285203178785713,2.5790484367553423,263643.39,65878936.0
2019-07-16,300156.SZ,300156.SZ,2.5790491019860897,2.5890843124996543,2.518837838904702,2.528873049418267,176721.55,44832910.0
2019-07-17,300156.SZ,300156.SZ,2.508802628391138,2.5489434704453964,2.498767417877574,2.528873049418267,158257.0,39757501.0
2019-07-18,300156.SZ,300156.SZ,2.488732944766144,2.488732944766144,2.4285216638443825,2.4385568773313433,171206.0,41823785.0
2019-07-19,300156.SZ,300156.SZ,2.458627216497146,2.5690145609113033,2.448592003368586,2.528873708397064,263186.8,66330292.0
2019-07-22,300156.SZ,300156.SZ,2.5288724962096665,2.5389077045279587,2.378344371435282,2.4285204130267433,194227.0,47219365.0
2019-07-23,300156.SZ,300156.SZ,2.3582728723122917,2.4686601131439305,2.3582728723122917,2.4485897057199963,127402.03,30812498.0
2019-07-24,300156.SZ,300156.SZ,2.438553440056875,2.5188350347912576,2.428518240715077,2.4887294367658646,147160.1,36452251.0
2019-07-25,300156.SZ,300156.SZ,2.4485875061675673,2.498763479654608,2.408446727377935,2.4285171167727513,193024.38,47089628.0
2019-07-26,300156.SZ,300156.SZ,2.4084456218614045,2.478691952499029,2.4084456218614045,2.448586382225761,112642.39,27466704.0
2019-07-29,300156.SZ,300156.SZ,2.458622678696558,2.458622678696558,2.3783411218411605,2.4084467056619343,136013.0,32643109.0
2019-07-30,300156.SZ,300156.SZ,2.428516292060215,2.448586674639225,2.3984107181917,2.428516292060215,114074.65,27556342.0
2019-07-31,300156.SZ,300156.SZ,2.4084457273298336,2.418480917860375,2.3683049652076695,2.388375346268752,101005.43,24017328.0
2019-08-01,300156.SZ,300156.SZ,2.3783402569441745,2.388375447901745,2.338199493113893,2.358269875029034,113994.0,26733439.0
2019-08-02,300156.SZ,300156.SZ,2.3181290112793946,2.3582697733794706,2.267953058654299,2.3281642018044133,117566.5,27183909.0
2019-08-05,300156.SZ,300156.SZ,2.3281642831376606,2.368305046640034,2.288023519635287,2.2980587105108805,134518.0,31185036.0
2019-08-06,300156.SZ,300156.SZ,2.247882155316325,2.247882155316325,2.0873191442223016,2.1776358379626894,221352.45,47753484.0
2019-08-07,300156.SZ,300156.SZ,2.1876716743548883,2.2077420566884194,2.1575661008545914,2.167601292021357,103131.03,22443497.0
2019-08-08,300156.SZ,300156.SZ,2.167600735206346,2.2177766781509374,2.1475303580285097,2.1876711123841828,104165.28,22767220.0
2019-08-09,300156.SZ,300156.SZ,2.2177766781509374,2.2579174325066105,2.167600735206346,2.1876711123841828,116723.5,25749179.0
2019-08-12,300156.SZ,300156.SZ,2.1475310341028813,2.187671801095459,2.137495842354737,2.1676014175991702,105634.04,22664406.0
2019-08-13,300156.SZ,300156.SZ,2.1475307921275544,2.1575659827449725,2.1073900296578802,2.1374956015101354,80737.28,17210591.0
2019-08-14,300156.SZ,300156.SZ,2.157567031561769,2.227813400031222,2.147531836066133,2.1676022270574054,112850.0,24629275.0
2019-08-15,300156.SZ,300156.SZ,2.107390512735428,2.18767205607773,2.0070385835575504,2.18767205607773,110251.5,23337174.0
2019-08-16,300156.SZ,300156.SZ,2.157565991112203,2.187671563081211,2.1174252284868595,2.1374956097995312,121055.5,26014792.0
2019-08-19,300156.SZ,300156.SZ,2.1575659615565046,2.207741914150842,2.1374955805187694,2.1977067236319745,141371.2,30669288.0
2019-08-20,300156.SZ,300156.SZ,2.2177771046697092,2.227812295188577,2.187671533113107,2.1977067236319745,130986.16,28826021.0
2019-08-21,300156.SZ,300156.SZ,2.187671994731871,2.217777572641025,2.1575664168227164,2.187671994731871,112845.0,24648499.0
2019-08-22,300156.SZ,300156.SZ,2.197706326599607,2.4084452894242268,2.1676007604818044,2.4084452894242268,372992.78,85204501.0
2019-08-23,300156.SZ,300156.SZ,2.4586220807543238,2.488727657253356,2.3080941982591607,2.328164582591849,484327.99,115379284.0
2019-08-26,300156.SZ,300156.SZ,2.2378480115264576,2.2779887830336585,2.1977072400192568,2.2679535901568584,259253.7,57777028.0
2019-08-27,300156.SZ,300156.SZ,2.2579193309340786,2.4786936655143,2.2478841339077054,2.378341695250563,363431.47,85726877.0
2019-08-28,300156.SZ,300156.SZ,2.3683076054843704,2.3883780089206788,2.3080963951754456,2.3181315968936,232001.93,54005772.0
2019-08-29,300156.SZ,300156.SZ,2.308096355888699,2.4385539760041475,2.2980611543413567,2.3582723636254097,272435.84,64121072.0
2019-08-30,300156.SZ,300156.SZ,2.308096256401787,2.4786946753532235,2.227814647483464,2.3281666586313676,458562.91,105856601.0
2019-09-02,300156.SZ,300156.SZ,2.267954741973962,2.328165929813979,2.267954741973962,2.3080955338673066,260937.21,59702034.0
2019-09-03,300156.SZ,300156.SZ,2.318130326926978,2.3281655231474407,2.267954345824662,2.2980599344860515,176618.43,40313125.0
2019-09-04,300156.SZ,300156.SZ,2.2880247382655883,2.3080951307065143,2.257919149604199,2.2980599344860515,190413.96,43301823.0
2019-09-05,300156.SZ,300156.SZ,2.3080959899973426,2.358271989779894,2.288025590084322,2.318131189953853,249425.08,57790793.0
2019-09-06,300156.SZ,300156.SZ,2.227814480662061,2.2679552821154307,2.157568078118662,2.227814480662061,388586.31,85758461.0
2019-09-09,300156.SZ,300156.SZ,2.217780315913713,2.288026751259396,2.197709905814946,2.2779915462100124,307042.53,68683136.0
2019-09-10,300156.SZ,300156.SZ,2.308098029202695,2.5088022056551034,2.288027611557454,2.5088022056551034,321867.81,79123954.0
2019-09-11,300156.SZ,300156.SZ,2.548943040945585,2.709506382107512,2.4686613703646216,2.4686613703646216,998584.65,256321365.0
2019-09-12,300156.SZ,300156.SZ,2.468661778407823,2.4887321993704883,2.3783448840758297,2.4285209364824927,376561.5,90780303.0
2019-09-16,300156.SZ,300156.SZ,2.408449769807115,2.4184849771813117,2.3482385255619374,2.398414562432919,339960.41,80785249.0
2019-09-17,300156.SZ,300156.SZ,2.418484485108611,2.418484485108611,2.288026815787399,2.318132431784602,297551.23,69497170.0
2019-09-18,300156.SZ,300156.SZ,2.3080972165035063,2.3683084482383805,2.298062011214361,2.3281676270817977,174067.61,40503395.0
2019-09-19,300156.SZ,300156.SZ,2.3281677084151644,2.3281677084151644,2.2478860632974005,2.298062091496003,225249.39,51069608.0
2019-09-20,300156.SZ,300156.SZ,2.2980631083376366,2.328168738577867,2.267957478097405,2.267957478097405,175769.24,40113492.0
2019-09-23,300156.SZ,300156.SZ,2.217782460636315,2.227817675390326,2.147535957358242,2.197712031128294,245894.0,53599153.0
2019-09-24,300156.SZ,300156.SZ,2.1876772779941622,2.237853362351826,2.177642061122629,2.1876772779941622,162777.68,35792059.0
2019-09-25,300156.SZ,300156.SZ,2.187677840539748,2.197713059991765,2.1073960849236104,2.1073960849236104,187736.73,39914398.0
2019-09-26,300156.SZ,300156.SZ,2.0772904265675587,2.157572182183696,2.0772904265675587,2.1073960849236104,175415.29,37034014.0
2019-09-27,300156.SZ,300156.SZ,2.087325843870348,2.147537166289685,2.087325843870348,2.1174315050800163,130601.33,27672657.0
2019-09-30,300156.SZ,300156.SZ,2.097361835362197,2.1274675076401235,2.0271152667137025,2.047185714898987,146241.5,30292792.0
2019-10-08,300156.SZ,300156.SZ,2.047185470458902,2.0772911391421207,2.0170798017756826,2.0170798017756826,120466.53,24573686.0
2019-10-09,300156.SZ,300156.SZ,2.027114279407212,2.0471847178171845,2.0170790602022257,2.0471847178171845,112247.0,22709607.0
2019-10-10,300156.SZ,300156.SZ,2.047184955171935,2.087325836645894,2.047184955171935,2.0772906162774043,132233.53,27172440.0
2019-10-11,300156.SZ,300156.SZ,2.087325836645894,2.127466718119854,2.067255395908915,2.0772906162774043,147441.3,30782163.0
2019-10-14,300156.SZ,300156.SZ,2.0672555648672883,2.107396449621993,2.0471851224899362,2.087326007244641,174004.34,36018241.0
2019-10-15,300156.SZ,300156.SZ,2.0471854467964903,2.0672558923533186,2.0170797784612473,2.027115001239662,158169.72,32047594.0
2019-10-16,300156.SZ,300156.SZ,2.037149220495798,2.0873253096705717,2.0271140026608436,2.037149220495798,165661.09,33853503.0
2019-10-17,300156.SZ,300156.SZ,2.0271131831892255,2.0271131831892255,1.8464793351822648,1.8866201902949227,458673.29,87500831.0
2019-10-18,300156.SZ,300156.SZ,1.8765857193316449,1.9468322435847008,1.7862687595777154,1.9267618080838278,382731.81,71513270.0
2019-10-21,300156.SZ,300156.SZ,2.0271133336520375,2.107395049836277,1.9468316174677984,1.997007690082948,517389.95,104862758.0
2019-10-22,300156.SZ,300156.SZ,1.9066905210393343,1.9367961608452187,1.8665496679648221,1.9267609475765906,351205.39,66538511.0
2019-10-23,300156.SZ,300156.SZ,1.9167257343079624,1.9367961608452187,1.8665496679648221,1.8665496679648221,236383.36,44742293.0
2019-10-24,300156.SZ,300156.SZ,1.8866208859622158,2.0572195830970967,1.8565152335266486,2.0572195830970967,562747.33,113096804.0
2019-10-25,300156.SZ,300156.SZ,2.0271137348051114,2.1876771989480908,2.007043301787239,2.0772898173497922,858800.19,180044356.0
2019-10-28,300156.SZ,300156.SZ,2.0070429689117644,2.077289472823676,1.8765851759324998,2.0572190431345585,535919.58,105613517.0
2019-10-29,300156.SZ,300156.SZ,2.017077295405828,2.0271125058307327,1.9267604015816864,1.9367956120065912,360009.06,70832369.0
2019-10-30,300156.SZ,300156.SZ,1.91672446143907,2.0572173539005725,1.91672446143907,1.976935701065428,304445.33,60226873.0
2019-10-31,300156.SZ,300156.SZ,1.9568655674088258,1.9568655674088258,1.876583903104874,1.896654319180862,249594.85,47393899.0
2019-11-01,300156.SZ,300156.SZ,1.906689527218856,1.9468303593708318,1.8665486950668801,1.896654319180862,188463.5,35629649.0
2019-11-04,300156.SZ,300156.SZ,1.8866191624096915,1.8866191624096915,1.8364431208562424,1.8464783291669324,228125.44,42095771.0
2019-11-05,300156.SZ,300156.SZ,1.8264085583472454,1.846478982065347,1.7862677109110423,1.8163733464881948,170336.96,30815491.0
2019-11-06,300156.SZ,300156.SZ,1.8063378837488477,1.8464787256099333,1.7963026732835763,1.8063378837488477,128228.94,23247827.0
2019-11-07,300156.SZ,300156.SZ,1.806338294280185,1.8163735070261862,1.7461270178041788,1.766197443296181,189709.03,33535919.0
2019-11-08,300156.SZ,300156.SZ,1.7661982600348833,1.7862686948080069,1.7260573904886358,1.7360926078751977,208794.28,36359955.0
2019-11-11,300156.SZ,300156.SZ,1.7461279716437326,1.7561631898715702,1.665846225821032,1.6758814440488699,197164.0,33471006.999999996
2019-11-12,300156.SZ,300156.SZ,1.6959518002227993,1.73609267123399,1.6457757114588112,1.6959518002227993,185413.23,31533013.0
2019-11-13,300156.SZ,300156.SZ,1.6758821824665446,1.6959526277655452,1.6357412918685437,1.6658469598170444,189551.0,31334743.0
2019-11-14,300156.SZ,300156.SZ,1.65581126687782,1.7160225856733773,1.635740827279301,1.6959521460748583,186609.71,31538082.0
2019-11-15,300156.SZ,300156.SZ,1.695952355451666,1.7160227975280171,1.6257058081844376,1.6257058081844376,163367.0,27073444.0
2019-11-18,300156.SZ,300156.SZ,1.6257052401667456,1.6758813278262128,1.595599587571065,1.6658461102943194,170777.11,28031265.0
2019-11-19,300156.SZ,300156.SZ,1.6658453309511099,1.746127033647549,1.655810118114055,1.7160213951363843,200588.77,34216498.0
2019-11-20,300156.SZ,300156.SZ,1.7160213951363843,1.746127033647549,1.6959509694622745,1.7160213951363843,160560.57,27521351.0
2019-11-21,300156.SZ,300156.SZ,1.736091820810494,1.7561622464846038,1.6758805437881648,1.7160213951363843,191092.08,32563901.0
2019-11-22,300156.SZ,300156.SZ,1.7059860207858442,1.7963029277686242,1.685915597011893,1.6959508088988688,241173.95,41661284.0
2019-11-25,300156.SZ,300156.SZ,1.7059862949621694,1.7059862949621694,1.6658454409630594,1.6859158679626143,128220.5,21475898.0
2019-11-26,300156.SZ,300156.SZ,1.685915461717827,1.7059858838811344,1.6558098284728657,1.6658450395545195,152897.55,25610455.0
2019-11-27,300156.SZ,300156.SZ,1.675880090072796,1.7160209305535814,1.655809669832403,1.6758800900727957,166413.27,28006041.0
2019-11-28,300156.SZ,300156.SZ,1.6758801304554487,1.7160209719034833,1.6558097097314313,1.66584492009344,159904.53,26865076.0
2019-11-29,300156.SZ,300156.SZ,1.6658452451363515,1.6758804574564499,1.635739608176056,1.6457748204961544,123494.55,20331463.0
2019-12-02,300156.SZ,300156.SZ,1.6558096995714664,1.6558096995714664,1.595598437768868,1.5955984377688677,168225.01,27166201.0
2019-12-03,300156.SZ,300156.SZ,1.5855633449175628,1.6457746111802547,1.5755281338737805,1.6257041890926909,143184.0,23070351.0
2019-12-04,300156.SZ,300156.SZ,1.6257049576073983,1.6959514681212982,1.6156697418196984,1.6558106049704981,203362.03,33646130.0
2019-12-05,300156.SZ,300156.SZ,1.6658464730472244,1.6758816927643765,1.6357408138957685,1.6658464730472244,138032.0,22811244.0
2019-12-06,300156.SZ,300156.SZ,1.6758813735488156,1.6959518091601786,1.6558109379374526,1.6859165913544973,125445.0,21006513.0
2019-12-09,300156.SZ,300156.SZ,1.6959524591057824,1.705987680757296,1.665846794151242,1.6758820158027554,117068.56,19605209.0
2019-12-10,300156.SZ,300156.SZ,1.675882097057641,1.6859173191957106,1.635741208505362,1.6558116527815014,134636.5,22160936.0
2019-12-11,300156.SZ,300156.SZ,1.6357418490064377,1.6859179793440586,1.6357418490064377,1.6658475272090103,162352.0,26894946.0
2019-12-12,300156.SZ,300156.SZ,1.6558129552895557,1.6558129552895557,1.6257072651933822,1.625707265193382,113095.0,18483132.0
2019-12-13,300156.SZ,300156.SZ,1.6357430138754991,1.6558134803034192,1.6257077806615392,1.6457782470894593,108873.0,17850832.0
2019-12-16,300156.SZ,300156.SZ,1.6558132808078194,1.6658485128127152,1.625707584793132,1.6658485128127154,151409.75,24868377.0
2019-12-17,300156.SZ,300156.SZ,1.6658491907743194,1.7561663155753369,1.6457787185963155,1.726060607308331,365676.98,61929564.0
2019-12-18,300156.SZ,300156.SZ,1.7160257590216728,1.7762371891627842,1.685920043951117,1.7762371891627842,389525.53,67149921.0
2019-12-19,300156.SZ,300156.SZ,1.7862721595787723,1.8565188175397354,1.7360959753209415,1.8063426332819044,502451.96,89800002.0
2019-12-20,300156.SZ,300156.SZ,1.8063432561586747,1.8063432561586747,1.7260613336627335,1.7461318142867188,332000.98,58452599.0
2019-12-23,300156.SZ,300156.SZ,1.7059904265410346,1.7260609021473998,1.6658494753283044,1.6859199509346696,296408.65,49963211.0
2019-12-24,300156.SZ,300156.SZ,1.6658502501420138,1.7360969474371593,1.655815007671279,1.7260617049664242,271400.67,46420592.0
2019-12-25,300156.SZ,300156.SZ,1.7360968662162493,1.7662025922199993,1.6959558982112493,1.7160263822137494,235658.13,40700936.0
2019-12-26,300156.SZ,300156.SZ,1.6959558982112493,1.726061624214999,1.685920656209999,1.7160263822137494,170554.44,28989016.0
2019-12-27,300156.SZ,300156.SZ,1.716026053394323,1.736096533550982,1.6758850930810056,1.6758850930810056,183706.0,31323396.0
2019-12-30,300156.SZ,300156.SZ,1.6658498530026762,1.6859203331593349,1.635744132767688,1.6758850930810056,161721.25,26803127.0
2019-12-31,300156.SZ,300156.SZ,1.6558145735001897,1.7160260125365603,1.6558145735001897,1.6859202930183748,190543.5,32025668.0
2020-01-02,300156.SZ,300156.SZ,1.7360960132921799,1.756166487434286,1.7059903020790206,1.746131250363233,246982.46,42610786.0
2020-01-03,300156.SZ,300156.SZ,1.7360964183812495,1.8464840519199417,1.7360964183812495,1.8063430942695082,424485.44,76107032.0
2020-01-06,300156.SZ,300156.SZ,1.7862724191505976,1.8565190873194413,1.7461314659112581,1.826413372389937,418938.84,75480972.0
2020-01-07,300156.SZ,300156.SZ,1.826414270626022,1.8765904868520116,1.7963085408904282,1.8364495138712198,308655.11,56222413.0
2020-01-08,300156.SZ,300156.SZ,1.8063436428573414,1.8765903400795714,1.7963084003970229,1.7963084003970227,319677.77,58464740.0
2020-01-09,300156.SZ,300156.SZ,1.7963087951900778,1.8364497738535432,1.7862735505242116,1.826414529187677,212281.5,38439411.0
2020-01-10,300156.SZ,300156.SZ,1.826413641777228,1.826413641777228,1.7662022030373195,1.7762374428273042,187330.0,33406121.0
2020-01-13,300156.SZ,300156.SZ,1.7662024771031786,1.7762377184503557,1.7059910290201155,1.7461319944088243,238948.27,41402129.0
2020-01-14,300156.SZ,300156.SZ,1.7461317748950875,1.7862727352375034,1.7260612947238796,1.7561670149806916,205671.59,36061043.0
2020-01-15,300156.SZ,300156.SZ,1.7461312582880535,1.7461312582880535,1.6859198355884653,1.6959550727050634,236305.27,40290165.0
2020-01-16,300156.SZ,300156.SZ,1.695954999872637,1.705990236558274,1.6357435797588156,1.6357435797588156,205081.02,34138384.0
2020-01-17,300156.SZ,300156.SZ,1.6457787656488096,1.6658492384006245,1.6056378201451804,1.6257082928969953,151317.96,24628894.0
2020-01-20,300156.SZ,300156.SZ,1.6156727956049421,1.6257080303602522,1.5855670913390114,1.6156727956049421,168443.97,26898615.0
2020-01-21,300156.SZ,300156.SZ,1.6056368088421669,1.6156720388974304,1.575531118676376,1.5855663487316396,167811.08,26574596.0
2020-01-22,300156.SZ,300156.SZ,1.5755316675710886,1.5755316675710886,1.5253554998140475,1.555461200468272,144126.45,22198071.0
2020-01-23,300156.SZ,300156.SZ,1.5353899446373391,1.555460401429984,1.4350376606741142,1.4651433458630818,209743.88,31297876.0
2020-02-03,300156.SZ,300156.SZ,1.3146145185091085,1.3146145185091085,1.3146145185091085,1.3146145185091085,25021.0,3277751.0
2020-02-04,300156.SZ,300156.SZ,1.1841562137271264,1.2544027687787356,1.1841562137271264,1.2343323244782758,355943.07,43545481.0
2020-02-05,300156.SZ,300156.SZ,1.2343323519078828,1.3547550203867007,1.224297129534648,1.354755020386701,189389.49,24942660.0
2020-02-06,300156.SZ,300156.SZ,1.3647902427599357,1.445072021745814,1.3246493532669963,1.354755020386701,416648.82,56820178.0
2020-02-07,300156.SZ,300156.SZ,1.3346849339448157,1.4952485350208835,1.314614483810307,1.4952485350208835,638993.31,93026574.0
2020-02-10,300156.SZ,300156.SZ,1.505283567338388,1.6457767002899708,1.4751778959916202,1.6457767002899708,815140.07,130885952.0
2020-02-11,300156.SZ,300156.SZ,1.6558114447582486,1.675881886512894,1.4852126898437623,1.5253535733530534,662208.23,101002236.0
2020-02-12,300156.SZ,300156.SZ,1.4852129198121788,1.5855651441238128,1.4751776973810156,1.5554594768303225,398110.5,61011151.0
2020-02-13,300156.SZ,300156.SZ,1.5855657539565604,1.6257066591200175,1.505283943629646,1.5654953013748316,455445.91,70532450.0
2020-02-14,300156.SZ,300156.SZ,1.5253544363522797,1.5554601160171273,1.5052839832423812,1.5253544363522795,273162.0,41724275.0
2020-02-17,300156.SZ,300156.SZ,1.5253547492454973,1.5855661209262406,1.51531952063204,1.565495663699326,277410.85,43075772.0
2020-02-18,300156.SZ,300156.SZ,1.575530490903639,1.5855657169603499,1.5454248127335055,1.5755304909036387,252723.56,39499520.0
2020-02-19,300156.SZ,300156.SZ,1.5654954811324577,1.5755307085756145,1.5153193439166739,1.5253545713598307,234537.63,36280691.0
2020-02-20,300156.SZ,300156.SZ,1.5153195785467657,1.5654957235317581,1.5153195785467657,1.5554604945347594,261768.43,40251713.0
2020-02-21,300156.SZ,300156.SZ,1.5454255100670753,1.6156721241610332,1.525355048897373,1.58556643240648,313927.75,49352172.0
2020-02-24,300156.SZ,300156.SZ,1.57553175071637,1.5855669847973661,1.535390814392386,1.555461282554378,215246.72,33266406.000000004
2020-02-25,300156.SZ,300156.SZ,1.5353915261629623,1.5353915261629623,1.4551096162982322,1.5153210486967796,274275.52,41249799.0
2020-02-26,300156.SZ,300156.SZ,1.4952498435419859,1.5554612466376365,1.4852146096927108,1.505285077391261,374635.27,56668972.0
2020-02-27,300156.SZ,300156.SZ,1.5153203112405358,1.5153203112405358,1.4651441419941604,1.4751793758434355,215838.82,32021050.0
2020-02-28,300156.SZ,300156.SZ,1.4350383349288027,1.445073568040193,1.354756470037681,1.3647917031490713,288032.96,39765146.0
2020-03-02,300156.SZ,300156.SZ,1.3547568543657578,1.4250035060736117,1.3547568543657578,1.414968270115347,220568.38,30708753.0
2020-03-03,300156.SZ,300156.SZ,1.4250040701374995,1.5253564694429573,1.4149688302069536,1.445074549998591,361710.07,52329787.0
2020-03-04,300156.SZ,300156.SZ,1.4250040701374995,1.4852155097207742,1.404933590276408,1.445074549998591,226229.0,32411537.0
2020-03-05,300156.SZ,300156.SZ,1.4551099493932234,1.4651451904235213,1.425004226302329,1.4651451904235215,238720.62,34479970.0
2020-03-06,300156.SZ,300156.SZ,1.445075166800419,1.4751808994420943,1.4250046783726353,1.4551104110143107,206567.57,29860655.0
2020-03-09,300156.SZ,300156.SZ,1.435039714609727,1.435039714609727,1.384863500812184,1.384863500812184,212912.5,29801306.0
2020-03-10,300156.SZ,300156.SZ,1.3547572657178015,1.4049334607443864,1.3447220267124844,1.3948982217390693,203868.0,27859080.0
2020-03-11,300156.SZ,300156.SZ,1.394898585198465,1.4751805181595277,1.3848633435783322,1.4250043100588634,342617.71,49088131.0
2020-03-12,300156.SZ,300156.SZ,1.4049338471799575,1.4049338471799575,1.3647928801176732,1.3848633636488152,195327.5,26904198.0
2020-03-13,300156.SZ,300156.SZ,1.3246520896756437,1.3748283051936607,1.2945463603648337,1.354757818986454,202061.23,26827005.0
2020-03-16,300156.SZ,300156.SZ,1.3647931145820982,1.3948988450508206,1.3045816536446526,1.3045816536446526,204185.0,27442767.0
2020-03-17,300156.SZ,300156.SZ,1.304581144042444,1.334686862751116,1.2343344670555432,1.2845106649033295,185550.0,23658793.0
2020-03-18,300156.SZ,300156.SZ,1.3045804760968984,1.3246509449599277,1.2343338350762962,1.2544043039393253,180856.06,23030638.0
2020-03-19,300156.SZ,300156.SZ,1.244369069507811,1.26443953837084,1.2042281317817525,1.2544043039393253,164753.4,20306967.0
2020-03-20,300156.SZ,300156.SZ,1.2544043039393253,1.2845100072338693,1.244369069507811,1.26443953837084,165477.87,20848184.0
2020-03-23,300156.SZ,300156.SZ,1.2443684730333808,1.2443684730333808,1.21426278416967,1.21426278416967,152946.5,18711100.0
2020-03-24,300156.SZ,300156.SZ,1.234333421156131,1.254403883288751,1.224298190089821,1.254403883288751,140481.2,17397415.0
2020-03-25,300156.SZ,300156.SZ,1.284509576487681,1.3146152696866111,1.264439114355061,1.304580038620301,184164.65,23733306.0
2020-03-26,300156.SZ,300156.SZ,1.3045803492345958,1.3045803492345958,1.2644394154119927,1.264439415411993,157639.0,20123752.0
2020-03-27,300156.SZ,300156.SZ,1.294545115778945,1.294545115778945,1.254404181956342,1.264439415411993,99026.0,12575168.0
2020-03-30,300156.SZ,300156.SZ,1.254404223084348,1.254404223084348,1.204228054160974,1.2242985217303237,117266.5,14324212.0
2020-03-31,300156.SZ,300156.SZ,1.2343334086774145,1.2443686396422715,1.2042277157828434,1.2142629467477004,108852.04,13265457.0
2020-04-01,300156.SZ,300156.SZ,1.214262389381102,1.2343328420981452,1.194191936664059,1.2242976157396235,112257.52,13652138.0
2020-04-02,300156.SZ,300156.SZ,1.2042276181635554,1.344720840282637,1.1941923880121923,1.2744742292230962,233434.85,29264678.0
2020-04-03,300156.SZ,300156.SZ,1.264439081311668,1.264439081311668,1.2142629272913636,1.2343333888994854,159383.0,19682961.0
2020-04-07,300156.SZ,300156.SZ,1.2443683234253036,1.2744740086694641,1.2443683234253036,1.2644387802547439,177837.5,22360546.0
2020-04-08,300156.SZ,300156.SZ,1.2744740086694641,1.2845092370841844,1.2544035518400238,1.2644387802547439,125907.53,15918033.0
2020-04-09,300156.SZ,300156.SZ,1.2644393975398178,1.2945450974812422,1.2443689309122017,1.274474630853626,169174.5,21476877.0
2020-04-10,300156.SZ,300156.SZ,1.2644395011823912,1.2845099694551276,1.2142633305005504,1.2242985646369187,174501.5,21502322.0
2020-04-13,300156.SZ,300156.SZ,1.22429822061914,1.2343334519356903,1.194192526669489,1.2142629893025898,119425.53,14406830.0
2020-04-14,300156.SZ,300156.SZ,1.2042272052257572,1.2343328853564013,1.2042272052257572,1.2242976586461864,132806.46,16141961.0
2020-04-15,300156.SZ,300156.SZ,1.2142629783540662,1.224298209580133,1.1941925159019329,1.2042277471279994,127418.08,15371060.0
2020-04-16,300156.SZ,300156.SZ,1.2042277471279992,1.2042277471279992,1.1640868222237326,1.1741220534497994,165088.0,19349978.0
2020-04-17,300156.SZ,300156.SZ,1.1741220337166558,1.2544038821759143,1.1640868026592484,1.1941924958314702,232694.66,28026552.0
2020-04-20,300156.SZ,300156.SZ,1.1741224615746848,1.2042281657176255,1.1741224615746848,1.1841576962889984,125029.02,14747035.0
2020-04-21,300156.SZ,300156.SZ,1.1640875944668638,1.1741228323501989,1.1339818808168587,1.1440171187001937,191890.12,21942839.0
2020-04-22,300156.SZ,300156.SZ,1.1339813768249114,1.1339813768249114,1.0336290425926185,1.0838052097087651,370078.06,39724888.0
2020-04-23,300156.SZ,300156.SZ,1.0838052513935807,1.0838052513935807,1.0436643161567816,1.0436643161567816,227714.54,23964097.0
2020-04-24,300156.SZ,300156.SZ,1.023594182773108,1.04366465694513,0.9834532344290646,0.9834532344290647,264932.19,26636094.0
2020-04-27,300156.SZ,300156.SZ,0.9433122860850212,1.0135589456870973,0.9433122860850212,0.9834532344290647,249461.05,24342860.0
2020-04-28,300156.SZ,300156.SZ,0.9734184160174612,0.9934888988219449,0.8931364847995262,0.9332774504084939,332437.75,30826834.0
2020-04-29,300156.SZ,300156.SZ,0.9232422090062519,0.9633831746152193,0.91320696760401,0.9332774504084939,188824.96,17638796.0
2020-04-30,300156.SZ,300156.SZ,0.9232419179842515,0.9633828709400883,0.9132066797452921,0.9232419179842514,282949.0,26705963.0
2020-05-07,300156.SZ,300156.SZ,0.8931365771383425,0.8931365771383425,0.8329251224998026,0.8630308498190725,419273.36,35901494.0
2020-05-08,300156.SZ,300156.SZ,0.8429603649395592,0.9031718195780992,0.8429603649395592,0.8630308498190725,294949.37,25546109.0
2020-05-11,300156.SZ,300156.SZ,0.8630305130265457,0.8730657515501101,0.8128543204087233,0.8228895589322878,325851.44,26970340.0
2020-05-12,300156.SZ,300156.SZ,0.8128539825991357,0.8228892169522113,0.7426073421276054,0.7727130451868326,431381.21,33178622.000000004
2020-05-13,300156.SZ,300156.SZ,0.7526425965511497,0.7827483004131958,0.7325721273097857,0.7526425965511497,259893.89,19601582.0
2020-05-14,300156.SZ,300156.SZ,0.7626775802909662,0.7927832742498202,0.7325718863321122,0.7626775802909662,296949.21,22760224.0
2020-05-15,300156.SZ,300156.SZ,0.772712557568016,0.7927830136087437,0.712501189445833,0.7325716454865606,402361.62,30463438.0
2020-05-18,300156.SZ,300156.SZ,0.7225367458918409,0.7325719784736721,0.6623253504008542,0.6623253504008543,595026.17,40682834.0
2020-05-19,300156.SZ,300156.SZ,0.622184145890565,0.6422546022096155,0.5920784614119893,0.5920784614119893,486199.0,29242570.0
2020-05-20,300156.SZ,300156.SZ,0.5318670422786971,0.5318670422786971,0.5318670422786971,0.5318670422786971,93904.0,4976912.0
2020-05-21,300156.SZ,300156.SZ,0.4816907055101249,0.4816907055101249,0.4816907055101249,0.4816907055101249,41773.0,2005104.0
2020-05-22,300156.SZ,300156.SZ,0.4315144297892517,0.4315144297892517,0.4315144297892517,0.4315144297892517,46640.0,2005520.0
2020-05-25,300156.SZ,300156.SZ,0.39137366298696624,0.39137366298696624,0.39137366298696624,0.3913736629869662,58373.0,2276547.0
2020-05-26,300156.SZ,300156.SZ,0.351232814616371,0.351232814616371,0.351232814616371,0.35123281461637096,117564.0,4114740.0
2020-05-27,300156.SZ,300156.SZ,0.3211272451443433,0.3211272451443433,0.3211272451443433,0.3211272451443433,358075.0,11458400.0
2020-07-14,300156.SZ,300156.SZ,0.29102156591206113,0.29102156591206113,0.29102156591206113,0.29102156591206113,1052.0,30508.0
2020-07-15,300156.SZ,300156.SZ,0.26091596696159025,0.26091596696159025,0.26091596696159025,0.26091596696159025,7746.0,201396.0
2020-07-16,300156.SZ,300156.SZ,0.23081017811372717,0.23081017811372717,0.23081017811372717,0.23081017811372717,882.0,20286.0
2020-07-17,300156.SZ,300156.SZ,0.2107396174554918,0.2107396174554918,0.2107396174554918,0.2107396174554918,2046.0,42966.0
2020-07-20,300156.SZ,300156.SZ,0.19066919776826569,0.19066919776826569,0.19066919776826569,0.19066919776826569,9869.0,187511.0
2020-07-21,300156.SZ,300156.SZ,0.17059878600358472,0.18063400870967794,0.17059878600358472,0.17059878600358472,469586.67,7994803.0
2020-07-22,300156.SZ,300156.SZ,0.16056348301570986,0.17059870070419172,0.150528265327228,0.16056348301570986,879520.28,13703499.0
2020-07-23,300156.SZ,300156.SZ,0.150528265327228,0.16056348301570986,0.150528265327228,0.150528265327228,271100.43,4125090.0
2020-07-24,300156.SZ,300156.SZ,0.1505282115671332,0.16056342567160875,0.14049299746265767,0.14049299746265767,379792.46,5639955.0
2020-07-27,300156.SZ,300156.SZ,0.1404929326197358,0.15052814209257406,0.13045772314689752,0.13045772314689752,328635.73,4434844.0
2020-07-28,300156.SZ,300156.SZ,0.13045772314689752,0.1404929326197358,0.12042251367405925,0.13045772314689752,252137.0,3277489.0
2020-07-29,300156.SZ,300156.SZ,0.13045772314689752,0.1404929326197358,0.12042251367405925,0.13045772314689752,92631.4,1210078.0
2020-07-30,300156.SZ,300156.SZ,0.13045772314689752,0.1404929326197358,0.12042251367405925,0.13045772314689752,207035.48,2692402.0
2020-07-31,300156.SZ,300156.SZ,0.13045772314689752,0.1404929326197358,0.12042251367405925,0.13045772314689752,134236.85,1729338.0
2020-08-03,300156.SZ,300156.SZ,0.13045771382848872,0.14049292258452634,0.13045771382848872,0.14049292258452634,70995.5,933895.0
2020-08-04,300156.SZ,300156.SZ,0.140492857741639,0.140492857741639,0.1304576536172362,0.1304576536172362,68259.0,917916.0
2020-08-05,300156.SZ,300156.SZ,0.1404928477064349,0.1404928477064349,0.12042244089122989,0.1404928477064349,318531.86,4171643.0
2020-08-06,300156.SZ,300156.SZ,0.14049278286358213,0.14049278286358213,0.13045758408761196,0.13045758408761196,58389.5,779263.0
2020-08-07,300156.SZ,300156.SZ,0.13045758408761196,0.14049278286358213,0.1204223853116418,0.13045758408761196,126769.5,1648726.0
2020-08-10,300156.SZ,300156.SZ,0.13045758408761196,0.13045758408761196,0.1204223853116418,0.13045758408761196,78201.0,996121.0
2020-08-11,300156.SZ,300156.SZ,0.13045758408761196,0.14049278286358213,0.1204223853116418,0.13045758408761196,106048.5,1389141.0
2020-08-12,300156.SZ,300156.SZ,0.13045758408761196,0.14049278286358213,0.1204223853116418,0.13045758408761196,109631.75,1418041.0
2020-08-13,300156.SZ,300156.SZ,0.13045758408761196,0.14049278286358213,0.13045758408761196,0.13045758408761196,65030.75,858214.0
2020-08-14,300156.SZ,300156.SZ,0.13045758408761196,0.14049278286358213,0.13045758408761196,0.13045758408761196,40326.75,536030.0
2020-08-17,300156.SZ,300156.SZ,0.14049277282838335,0.14049277282838335,0.1304575747692131,0.14049277282838335,108207.44,1498169.0
2020-08-18,300156.SZ,300156.SZ,0.14049282902549248,0.15052803109874194,0.13045762695224303,0.15052803109874194,194448.83,2783971.0
2020-08-19,300156.SZ,300156.SZ,0.14049277884948208,0.1505279773387308,0.14049277884948208,0.1404927788494821,134187.39,1906942.0
2020-08-20,300156.SZ,300156.SZ,0.14049277884948208,0.1505279773387308,0.13045758036023336,0.1404927788494821,347723.03,4872538.0
2020-08-21,300156.SZ,300156.SZ,0.14049271400666113,0.14049271400666113,0.13045752014904247,0.13045752014904247,308169.02,4070823.0
2020-08-24,300156.SZ,300156.SZ,0.13045753102050248,0.13045753102050248,0.12042233632661767,0.12042233632661765,204527.32,2557000.0
