ts_code,trade_date,open,high,low,close,pre_close,change,pct_chg,vol,amount,daily_return,return_5d,return_20d,ma5,ma20,ma5_gap,ma20_gap,rsi14,atr14_pct,volatility20,volume_ratio20,intraday_range,future_return_3d,label_end_date,Label,Split,strategy_probability,ml_position,ml_gross_return,ml_net_return,ml_turnover,ml_action,buy_hold_return,ma_position,ma_net_return,ml_wealth,ml_drawdown,buy_hold_wealth,buy_hold_drawdown,ma_wealth,ma_drawdown
000001.SZ,2025-02-10,11.38,11.5,11.36,11.43,11.38,0.05,0.4394,1026590.93,1174044.624,0.004393673110720364,0.007936507936507908,0.004393673110720364,11.402000000000001,11.387,0.002455709524644689,0.003776236058663285,0.49665988680658274,0.016350123652429712,0.009953638289836256,1.0408767668999934,0.012248468941382377,0.006124234470691103,2025-02-13,1,test,0.5085457241397714,0.0,0.0,0.0,0.0,hold,-0.002,0.8,-0.0016,1.0,0.0,0.998,0.0,0.9984,0.0
000001.SZ,2025-02-11,11.4,11.47,11.37,11.42,11.43,-0.01,-0.0875,844520.03,963865.615,-0.0008748906386701893,-0.0043591979075850995,-0.0017482517482516613,11.392,11.386000000000001,0.002457865168539408,0.0029861233093271267,0.49263343720315367,0.015821021225384865,0.009889085077184515,0.8668639907173006,0.008756567425569302,0.011383537653240072,2025-02-14,1,test,0.48454214750664376,0.0,-0.0,-0.0,0.0,hold,-0.0008748906386701893,0.8,-0.0006999125109361515,1.0,0.0,0.9971268591426071,-0.0008748906386701893,0.9977012073490813,-0.0006999125109361515
000001.SZ,2025-02-12,11.41,11.43,11.34,11.42,11.42,0.0,0.0,988806.83,1125323.633,0.0,0.004397537379067895,-0.007819287576020795,11.402,11.381499999999999,0.001578670408700189,0.0033826824232308095,0.49263343720315367,0.015253870472358249,0.009787989277386316,1.0025705465608101,0.007880910683012247,0.031523642732048884,2025-02-17,1,test,0.5041627205278784,0.0,0.0,0.0,0.0,hold,0.0,0.8,0.0,1.0,0.0,0.9971268591426071,-0.0008748906386701893,0.9977012073490813,-0.0006999125109361515
000001.SZ,2025-02-13,11.42,11.55,11.4,11.5,11.42,0.08,0.7005,1358639.27,1560709.511,0.007005253940455258,0.012323943661971981,0.0,11.43,11.381499999999999,0.006124234470691103,0.010411632913060798,0.5281268532253421,0.014997450995815566,0.009916500553287647,1.357167779835063,0.013043478260869596,0.026956521739130546,2025-02-18,1,test,0.5086648401772828,0.0,0.0,0.0,0.0,hold,0.007005253940455258,0.8,0.005604203152364207,1.0,0.0,1.0041119860017496,0.0,1.0032925276004245,0.0
000001.SZ,2025-02-14,11.49,11.55,11.43,11.55,11.5,0.05,0.4348,973057.74,1118355.997,0.004347826086956497,0.01493848857644986,0.013157894736842035,11.463999999999999,11.389,0.00750174459176578,0.014136447449293321,0.5493462786314559,0.014608032924393494,0.009747411045053824,0.961364701512817,0.010389610389610475,0.013852813852813783,2025-02-19,1,test,0.4618069589263857,0.0,0.0,0.0,0.0,hold,0.004347826086956497,0.8,0.0034782608695651976,1.0,0.0,1.0084776902887136,0.0,1.0067822407399043,0.0
000001.SZ,2025-02-17,11.6,11.8,11.55,11.78,11.55,0.23,1.9913,2061965.42,2413146.067,0.019913419913419883,0.03062117235345574,0.04247787610619458,11.534,11.413,0.02132824692214319,0.0321563129764304,0.6314475950693685,0.014815644819292284,0.01034035982558285,1.917474951204547,0.021222410865874366,-0.01018675721561968,2025-02-20,0,test,0.46390601867658887,0.0,0.0,0.0,0.0,hold,0.019913419913419883,0.8,0.015930735930735906,1.0,0.0,1.0285599300087485,0.0,1.0228210227568864,0.0
000001.SZ,2025-02-18,11.76,11.96,11.76,11.81,11.78,0.03,0.2547,1996610.49,2371071.467,0.002546689303905003,0.03415061295971977,0.054464285714285854,11.612,11.4435,0.017051326214261087,0.032026914842486987,0.6406438363940044,0.01493206633377538,0.010028616325666541,1.7693596529731652,0.01693480101608815,-0.014394580863674844,2025-02-21,0,test,0.4514383104836454,0.0,0.0,0.0,0.0,hold,0.002546689303905003,0.8,0.0020373514431240025,1.0,0.0,1.031179352580927,0.0,1.0249048686436577,0.0
000001.SZ,2025-02-19,11.8,11.81,11.68,11.71,11.81,-0.1,-0.8467,1177748.95,1382467.174,-0.008467400508043954,0.02539404553415059,0.02899824253075578,11.67,11.459999999999999,0.003427592116538314,0.021815008726003615,0.5879772621390282,0.014776870466173814,0.009817167342051967,1.0276209586660432,0.011101622544833541,-0.010247651579846417,2025-02-24,0,test,0.43125128534751933,0.0,-0.0,-0.0,0.0,hold,-0.008467400508043954,0.8,-0.006773920406435163,1.0,0.0,1.022447944006999,-0.008467400508043843,1.0179622446392977,-0.006773920406435097
000001.SZ,2025-02-20,11.71,11.76,11.65,11.66,11.71,-0.05,-0.427,784396.27,917231.443,-0.004269854824936026,0.013913043478260834,0.015679442508710784,11.702000000000002,11.469,-0.0035891300632371337,0.01665358793268812,0.5630529960297469,0.014454073701700805,0.00974328997311176,0.6918715650249753,0.009433962264150894,-0.016295025728988,2025-02-25,0,test,0.4155013425952472,0.0,-0.0,-0.0,0.0,hold,-0.004269854824936026,0.8,-0.0034158838599488207,1.0,0.0,1.0180822397200346,-0.012701100762065987,1.014485003837797,-0.010166665340999081
000001.SZ,2025-02-21,11.69,11.71,11.55,11.64,11.66,-0.02,-0.1715,973968.97,1131033.824,-0.0017152658662091813,0.007792207792207684,0.006050129645635227,11.720000000000002,11.4725,-0.006825938566553003,0.014600130747439488,0.5529558878506456,0.014426537136130388,0.009621140772646773,0.8552730696623612,0.013745704467353964,-0.010309278350515538,2025-02-26,0,test,0.41993094751359655,0.0,-0.0,-0.0,0.0,hold,-0.0017152658662091813,0.8,-0.0013722126929673452,1.0,0.0,1.0163359580052491,-0.014394580863674622,1.0130929146387058,-0.011524927206740365
000001.SZ,2025-02-24,11.63,11.69,11.56,11.59,11.64,-0.05,-0.4296,949956.17,1103548.964,-0.004295532646048206,-0.016129032258064502,0.012227074235807933,11.682,11.4795,-0.00787536380756726,0.009625854784615973,0.5274884428814072,0.014255044986067111,0.009370524168335878,0.8247644657460277,0.01121656600517679,0.0025884383088869978,2025-02-27,1,test,0.4104147820051272,0.0,-0.0,-0.0,0.0,hold,-0.004295532646048206,0.8,-0.0034364261168385647,1.0,0.0,1.0119702537182849,-0.018628281117696766,1.0096114956880573,-0.014921748762730891
000001.SZ,2025-02-25,11.56,11.58,11.46,11.47,11.59,-0.12,-1.0354,917156.02,1055685.157,-0.010353753235547769,-0.028789161727349688,0.004378283712784592,11.614,11.482000000000001,-0.012398828999483413,-0.0010451140916216684,0.47137610332133256,0.014184877494399867,0.009652871470390711,0.7933551671621387,0.010462074978203941,0.0052310374891018085,2025-02-28,1,test,0.45681021437349456,0.0,-0.0,-0.0,0.0,hold,-0.010353753235547769,0.8,-0.008283002588438216,1.0,0.0,1.001492563429571,-0.028789161727349577,1.001248881055956,-0.02308115446754344
000001.SZ,2025-02-26,11.47,11.6,11.47,11.52,11.47,0.05,0.4359,841645.52,970641.211,0.0043591979075849885,-0.016225448334756698,0.01676963812886134,11.576,11.491499999999998,-0.004837595024188013,0.002480093982508924,0.4954593498837456,0.013920554831286975,0.00950388093476664,0.7299449435369404,0.011284722222222137,-0.0008680555555555802,2025-03-03,0,test,0.44531328448179447,0.0,0.0,0.0,0.0,hold,0.0043591979075849885,0.8,0.003487358326067991,1.0,0.0,1.005858267716535,-0.024555461473327655,1.0047405946777728,-0.01967428839768315
000001.SZ,2025-02-27,11.53,11.63,11.46,11.62,11.52,0.1,0.8681,977309.75,1130386.662,0.00868055555555558,-0.0034305317324185847,0.04779080252479706,11.568,11.517999999999999,0.004495159059474396,0.008855704115297902,0.5405438244456309,0.01385998458036352,0.00817358965188212,0.8614187325737425,0.014629948364888118,-0.009466437177280462,2025-03-04,0,test,0.420599160765445,0.0,0.0,0.0,0.0,hold,0.00868055555555558,0.8,0.006944444444444465,1.0,0.0,1.0145896762904634,-0.01608806096528359,1.0117179599185906,-0.012866470956000464
000001.SZ,2025-02-28,11.58,11.68,11.5,11.53,11.62,-0.09,-0.7745,949088.06,1100335.054,-0.007745266781411297,-0.00945017182130592,0.018551236749116518,11.546000000000001,11.5285,-0.0013857613026158067,0.0001301123303119045,0.49745982098210056,0.014085548697247633,0.0072817359121112625,0.857937792861707,0.015611448395490002,0.011274934952298477,2025-03-05,1,test,0.47193399884588716,0.0,-0.0,-0.0,0.0,hold,-0.007745266781411297,0.8,-0.006196213425129039,1.0,0.0,1.006731408573928,-0.023708721422523116,1.0054491395128988,-0.018982960981058006
000001.SZ,2025-03-03,11.52,11.56,11.45,11.51,11.53,-0.02,-0.1735,830456.95,955266.366,-0.0017346053772766545,-0.00690250215703192,0.014991181657848296,11.53,11.537,-0.0017346053772766545,-0.00234029643754885,0.48814854264922486,0.013784801379114118,0.007301957985200956,0.7546047707900603,0.009556907037358923,0.010425716768027948,2025-03-06,1,test,0.48884993207996713,0.0,-0.0,-0.0,0.0,hold,-0.0017346053772766545,0.0,-0.002987684301821324,1.0,0.0,1.0049851268591423,-0.025402201524131973,1.0024451749024965,-0.02191393018835397
000001.SZ,2025-03-04,11.47,11.55,11.44,11.51,11.51,0.0,0.0,683178.73,785447.989,0.0,0.0034873583260679464,0.0034873583260679464,11.538,11.539,-0.0024267637372161754,-0.0025132160499176104,0.48814854264922497,0.013482808926131603,0.006877697211062343,0.634287068641649,0.009556907037358923,0.013900955690703709,2025-03-07,1,test,0.49707873563693034,0.0,0.0,0.0,0.0,hold,0.0,0.0,0.0,1.0,0.0,1.0049851268591423,-0.025402201524131973,1.0024451749024965,-0.02191393018835397
000001.SZ,2025-03-05,11.52,11.67,11.48,11.66,11.51,0.15,1.3032,1080645.44,1254892.074,0.01303214596003488,0.012152777777777901,0.025505716798592815,11.565999999999999,11.5535,0.008127269583261487,0.009217985891721181,0.5598151748535866,0.013522621291454737,0.007097989603178151,0.9923811998374251,0.01629502572898795,-0.006003430531732468,2025-03-10,0,test,0.44766792860119825,0.0,0.0,0.0,0.0,hold,0.01303214596003488,0.8,-0.0016,1.0,0.0,1.0180822397200349,-0.012701100762065765,1.0008412626226524,-0.023478867900052713
000001.SZ,2025-03-06,11.69,11.7,11.6,11.63,11.66,-0.03,-0.2573,877407.71,1021780.609,-0.002572898799313883,0.000860585197934638,0.02376760563380298,11.568000000000001,11.567,0.005359612724757934,0.00544652891847508,0.543427060270551,0.013203285440109992,0.00713331826691178,0.8086467812852763,0.008598452278589823,-0.0017196904557180703,2025-03-11,0,test,0.4490903626759546,0.0,-0.0,-0.0,0.0,hold,-0.002572898799313883,0.8,-0.0020583190394511063,1.0,0.0,1.0154628171478564,-0.01524132091447905,0.998781211996328,-0.02548885993868033
000001.SZ,2025-03-07,11.63,11.69,11.6,11.67,11.63,0.04,0.3439,835536.69,973236.69,0.0034393809114359186,0.012142237640936804,0.025483304042179133,11.596,11.581500000000002,0.006381510865815843,0.007641497215386428,0.5618447749271399,0.012769033698679334,0.007149274821147261,0.7909026546872892,0.007712082262210785,0.015424164524421524,2025-03-12,1,test,0.4503582667667889,0.0,0.0,0.0,0.0,hold,0.0034393809114359186,0.8,0.002751504729148735,1.0,0.0,1.0189553805774276,-0.011854360711261447,1.0015293632245206,-0.022807487928193648
000001.SZ,2025-03-10,11.66,11.67,11.55,11.59,11.67,-0.08,-0.6855,663833.93,769261.385,-0.006855184233076295,0.0069504778453519656,0.013998250218722585,11.612,11.5895,-0.0018945918015845775,4.31424996765184e-05,0.5169316403426415,0.01267835635662912,0.007322915335391418,0.6393491299310976,0.01035375323554782,0.021570319240724833,2025-03-13,1,test,0.49368495106691357,0.0,-0.0,-0.0,0.0,hold,-0.006855184233076295,0.8,-0.005484147386461036,1.0,0.0,1.011970253718285,-0.018628281117696543,0.9960368285847288,-0.028166555689341677
000001.SZ,2025-03-11,11.54,11.61,11.52,11.61,11.59,0.02,0.1726,608975.27,704240.464,0.0017256255392579245,0.008688097306689846,0.016637478108581405,11.632000000000001,11.599,-0.0018913342503440456,0.0009483576170359331,0.5271091752330862,0.012306188951970653,0.007316491297587193,0.5932429365771371,0.007751937984496112,0.03100775193798455,2025-03-14,1,test,0.48322231496962514,0.0,0.0,0.0,0.0,hold,0.0017256255392579245,0.8,0.0013805004314063397,1.0,0.0,1.0137165354330706,-0.016934801016087908,0.9974118578562865,-0.02682493920021578
000001.SZ,2025-03-12,11.6,11.87,11.56,11.85,11.61,0.24,2.0672,1877318.4,2210904.482,0.02067183462532296,0.016295025728988,0.0376532399299474,11.669999999999998,11.6205,0.015424164524421746,0.019749580482767426,0.6283094068732444,0.013064334529963409,0.008489269442462104,1.7529553548529688,0.02616033755274251,-0.029535864978902926,2025-03-17,0,test,0.42850300678876063,0.0,0.0,0.0,0.0,hold,0.02067183462532296,0.8,0.01653746770025837,1.0,0.0,1.0346719160104985,0.0,1.0139065242394394,-0.01073108806554246
000001.SZ,2025-03-13,11.81,11.91,11.78,11.84,11.85,-0.01,-0.0844,1312371.21,1555123.174,-0.0008438818565400519,0.018056749785038573,0.029565217391304355,11.712,11.6375,0.010928961748633892,0.017400644468313686,0.6223333171061461,0.012925680105820849,0.008424704187337066,1.228085969619957,0.010979729729729796,-0.029560810810810745,2025-03-18,0,test,0.4258300767349832,0.0,-0.0,-0.0,0.0,hold,-0.0008438818565400519,0.8,-0.0006751054852320416,1.0,0.0,1.0337987751531057,-0.0008438818565400519,1.0132220303834127,-0.011398948934358999
000001.SZ,2025-03-14,11.82,12.0,11.82,11.97,11.84,0.13,1.098,1722417.65,2057970.454,0.010979729729729826,0.02570694087403602,0.036363636363636376,11.772,11.6585,0.01681957186544336,0.02671870309216451,0.6667135199435543,0.012946179030241941,0.008657827972380891,1.557199724675734,0.015037593984962381,-0.03759398496240607,2025-03-19,0,test,0.403044405270433,0.0,0.0,0.0,0.0,hold,0.010979729729729826,0.8,0.00878378378378386,1.0,0.0,1.0451496062992125,0.0,1.022121953623267,-0.002715291053376978
000001.SZ,2025-03-17,11.63,11.67,11.46,11.5,11.97,-0.47,-3.9265,4603612.1,5315522.817,-0.039264828738513,-0.007765314926660882,-0.02376910016977929,11.754,11.644499999999999,-0.0216096647949634,-0.012409291940400968,0.4574268885408334,0.015680465334757445,0.011587082392055052,3.7331173887322167,0.01826086956521731,-0.0008695652173912327,2025-03-20,0,test,0.6303623563619711,0.20857977017915383,-0.0,-0.00041715954035830764,0.20857977017915383,model_entry,-0.039264828738513,0.8,-0.031411862990810405,0.9995828404596417,-0.0004171595403582584,1.0041119860017496,-0.03926482873851311,0.9900151988561535,-0.03404186169363854
000001.SZ,2025-03-18,11.52,11.54,11.48,11.49,11.5,-0.01,-0.087,1605290.0,1846500.421,-0.0008695652173912327,-0.01033591731266148,-0.02709568162574094,11.73,11.628499999999999,-0.020460358056266004,-0.011910392569978834,0.4541602717335267,0.014946099512285446,0.011556702270848823,1.3227333940131962,0.005221932114882395,-0.006092254134029584,2025-03-21,0,test,0.5800927038197482,0.20857977017915383,-0.00018137371319924925,-0.00018137371319924925,0.0,hold,-0.0008695652173912327,0.8,-0.0006956521739129862,0.9994015424082173,-0.0005984575917826751,1.0032388451443568,-0.040100250626566525,0.9893264926308624,-0.0347138325724603
000001.SZ,2025-03-19,11.48,11.53,11.46,11.52,11.49,0.03,0.2611,1362454.91,1566452.161,0.0026109660574411553,-0.027848101265822822,-0.016225448334756698,11.663999999999998,11.619,-0.012345679012345512,-0.008520526723470145,0.46646980105061603,0.014276406771763861,0.011465263118726587,1.1141626608041644,0.00607638888888876,-0.012152777777777679,2025-03-24,0,test,0.5481728025877917,0.20857977017915383,0.0005445947002066476,0.0005445947002066476,0.0,hold,0.0026109660574411553,0.8,0.0020887728459529245,0.9999458111915913,-5.41888084086839e-05,1.005858267716535,-0.03759398496240629,0.9913929709444516,-0.03269756903736365
000001.SZ,2025-03-20,11.51,11.61,11.49,11.49,11.52,-0.03,-0.2604,1101157.24,1268849.14,-0.0026041666666666297,-0.029560810810810745,-0.014579759862778707,11.594,11.6105,-0.008970156977747057,-0.010378536669394034,0.45540959632012595,0.014037266431302715,0.011445432559089929,0.888969877020854,0.010443864229764946,-0.005221932114882533,2025-03-25,0,test,0.5621375062502938,0.20857977017915383,-0.0005431764848415387,-0.0005431764848415387,0.0,hold,-0.0026041666666666297,0.0,-0.003683333333333304,0.9994026641408362,-0.0005973358591637723,1.0032388451443566,-0.040100250626566636,0.9877413401681395,-0.03626046632474267
000001.SZ,2025-03-21,11.49,11.52,11.39,11.42,11.49,-0.07,-0.6092,1376388.97,1576151.833,-0.006092254134029584,-0.04594820384294074,-0.018900343642611728,11.484,11.5995,-0.005572971090212486,-0.015474804948489185,0.4298019599995398,0.013927611251211443,0.0115050605365459,1.0934048272872208,0.011383537653239843,-0.003502626970227629,2025-03-26,0,test,0.5729792884344271,0.20857977017915383,-0.0012707209671488906,-0.0012707209671488906,0.0,hold,-0.006092254134029584,0.0,-0.0,0.998132702220888,-0.0018672977791119871,0.9971268591426068,-0.04594820384294096,0.9877413401681395,-0.03626046632474267
000001.SZ,2025-03-24,11.41,11.44,11.34,11.38,11.42,-0.04,-0.3503,1164577.34,1325564.002,-0.003502626970227629,-0.01043478260869557,-0.018119068162208762,11.46,11.589,-0.006980802792321161,-0.018034342911381396,0.41542693522263385,0.01360590739615146,0.011494606863875536,0.9173214991190661,0.008787346221441093,0.0008787346221441616,2025-03-27,1,test,0.6487441678244701,0.23799066851915215,-0.0007305771284733848,-0.0007893989251533814,0.029410898339998326,resize,-0.003502626970227629,0.0,-0.0,0.9973447773385944,-0.0026552226614056096,0.9936342957130355,-0.04928989139515483,0.9877413401681395,-0.03626046632474267
000001.SZ,2025-03-25,11.38,11.43,11.36,11.43,11.38,0.05,0.4394,735608.88,839142.044,0.004393673110720364,-0.005221932114882533,-0.0034873583260680574,11.448,11.587,-0.0015723270440252124,-0.013549667731077908,0.4406122763571099,0.013016235096779448,0.011332985289140266,0.583601779341153,0.006124234470691188,-0.006999125109361293,2025-03-28,0,test,0.6228017087443936,0.1964827339910297,0.0010456532008749622,0.0009626373318187173,0.04150793452812246,resize,0.004393673110720364,0.0,0.0,0.998304858653955,-0.0016951413460449816,0.9979999999999994,-0.04511278195488766,0.9877413401681395,-0.03626046632474267
000001.SZ,2025-03-26,11.42,11.43,11.37,11.38,11.43,-0.05,-0.4374,740863.07,843536.936,-0.004374453193350725,-0.012152777777777679,-0.012152777777777679,11.419999999999998,11.580000000000002,-0.003502626970227407,-0.01727115716753036,0.4210754661030716,0.012516208718493965,0.011320635910348563,0.5901294758347557,0.005272407732864718,-0.010544815465729385,2025-03-31,0,test,0.6324750620145893,0.2119600992233428,-0.0008595045231453408,-0.000890459253609967,0.015477365232313106,resize,-0.004374453193350725,0.0,-0.0,0.9974159088546428,-0.0025840911453571813,0.9936342957130354,-0.04928989139515494,0.9877413401681395,-0.03626046632474267
000001.SZ,2025-03-27,11.37,11.41,11.35,11.39,11.38,0.01,0.0879,553349.4,629863.383,0.0008787346221441616,-0.00870322019147085,-0.019793459552495563,11.4,11.5685,-0.0008771929824561431,-0.01542983100661277,0.42655200008249133,0.011988259863376382,0.0111287657179277,0.4483369594536712,0.005267778753292405,-0.010535557506584858,2025-04-01,0,test,0.6279285114045967,0.20468561824735476,0.00018625667770066315,0.00017170771574868707,0.00727448097598804,resize,0.0008787346221441616,0.0,0.0,0.9975871728620036,-0.0024128271379963984,0.9945074365704283,-0.048454469507101416,0.9877413401681395,-0.03626046632474267
000001.SZ,2025-03-28,11.39,11.4,11.34,11.35,11.39,-0.04,-0.3512,644945.55,732420.874,-0.00351185250219499,-0.0061295971978984065,-0.015611448395490002,11.386,11.5595,-0.0031617776216406046,-0.01812362126389555,0.409850555578918,0.011548783121272131,0.011037129552574486,0.5290691123595112,0.005286343612334846,0.0017621145374449032,2025-04-02,1,test,0.65049735323203,0.24079576517124793,-0.0007188257006053013,-0.0007910459944530876,0.036110146923893166,resize,-0.00351185250219499,0.0,-0.0,0.9967980355247933,-0.003201964475206709,0.9910148731408569,-0.051796157059315284,0.9877413401681395,-0.03626046632474267
000001.SZ,2025-03-31,11.36,11.38,11.26,11.26,11.35,-0.09,-0.793,1116125.64,1262598.263,-0.007929515418502175,-0.010544815465729385,-0.021720243266724615,11.362,11.547,-0.00897729273015313,-0.024854940677232262,0.37433566654427336,0.01157081292529627,0.011147499821310641,0.9049890615821717,0.010657193605683925,0.007104795737122638,2025-04-03,1,test,0.6686442832346363,0.2698308531754181,-0.0019093937326354396,-0.00196746390864378,0.02903508800417018,resize,-0.007929515418502175,0.0,-0.0,0.9948368713656912,-0.005163128634308789,0.9831566054243215,-0.05931495405179654,0.9877413401681395,-0.03626046632474267
000001.SZ,2025-04-01,11.27,11.3,11.22,11.27,11.26,0.01,0.0888,681470.42,767424.131,0.000888099467140302,-0.013998250218722696,-0.020851433536055675,11.33,11.535,-0.005295675198587868,-0.02297355873428697,0.3807564584314481,0.011241827836258511,0.011153299357416017,0.5525954869869747,0.007098491570541266,-0.05057675244010651,2025-04-07,0,test,0.6498197076505791,0.2397115322409265,0.00023963663692310187,0.00017939799505411867,0.0301193209344916,resize,0.000888099467140302,0.0,0.0,0.9950153431058202,-0.0049846568941798175,0.9840297462817142,-0.05847953216374313,0.9877413401681395,-0.03626046632474267
000001.SZ,2025-04-02,11.25,11.41,11.25,11.37,11.27,0.1,0.8873,932641.76,1058747.241,0.008873114463176623,-0.0008787346221442727,-0.02487135506003435,11.328,11.5205,0.00370762711864403,-0.013063669111583742,0.44238301125567425,0.011352181155234545,0.010926382914709022,0.7608325928131149,0.014072119613016723,-0.04837291116974485,2025-04-08,0,test,0.5848536471990029,0.2397115322409265,0.0021269878637171944,0.0021269878637171944,0.0,hold,0.008873114463176623,0.0,0.0,0.9971317286648186,-0.002868271335181416,0.9927611548556425,-0.05012531328320846,0.9877413401681395,-0.03626046632474267
000001.SZ,2025-04-03,11.31,11.39,11.3,11.34,11.37,-0.03,-0.2639,643913.91,730375.808,-0.0026385224274405594,-0.004389815627743654,-0.024935511607910632,11.318000000000001,11.506,0.0019438063262058325,-0.014427255345037415,0.4286024478133086,0.011136091563084012,0.010926805146874686,0.5303445418883603,0.007936507936507924,-0.04761904761904756,2025-04-09,0,test,0.6070832444662916,0.17133319114606654,-0.0006324842539338254,-0.0007692409361235452,0.06837834109485996,resize,-0.0026385224274405594,0.0,-0.0,0.996364694120422,-0.0036353058795780546,0.9901417322834641,-0.052631578947368696,0.9877413401681395,-0.03626046632474267
000001.SZ,2025-04-07,11.0,11.05,10.48,10.7,11.34,-0.64,-5.6437,2545560.48,2751055.412,-0.0564373897707231,-0.05726872246696035,-0.08311910882604978,11.187999999999999,11.4575,-0.04361816231676796,-0.06611389919266863,0.24981657792547496,0.016700150989518322,0.016183527989984396,1.9586601092304747,0.053271028037383206,0.01869158878504673,2025-04-10,1,test,0.755810433347007,0.4092966933552113,-0.009669598089372362,-0.010145525093790651,0.23796350220914475,resize,-0.0564373897707231,0.0,-0.0,0.9862560511136562,-0.013743948886343782,0.9342607174103233,-0.10609857978279058,0.9877413401681395,-0.03626046632474267
000001.SZ,2025-04-08,10.68,10.85,10.66,10.82,10.7,0.12,1.1215,1463987.71,1576590.04,0.011214953271028172,-0.039076376554174064,-0.0664365832614322,11.099999999999998,11.419,-0.025225225225224968,-0.05245643226201946,0.3080953941801022,0.016589589402178494,0.016510904884114982,1.0928123582272373,0.017560073937153375,0.006469500924214389,2025-04-11,1,test,0.716662543932387,0.3466600702918193,0.0045902432899650415,0.004464970043838257,0.06263662306339202,resize,0.011214953271028172,0.0,0.0,0.9906596548374328,-0.00934034516256721,0.9447384076990374,-0.09607351712614887,0.9877413401681395,-0.03626046632474267
000001.SZ,2025-04-09,10.73,10.83,10.66,10.8,10.82,-0.02,-0.1848,1064394.05,1145238.958,-0.001848428835489746,-0.041703637976929775,-0.06976744186046502,11.006,11.378499999999999,-0.018717063419952717,-0.050841499318890704,0.303858495530187,0.01655748442665626,0.016474936999868676,0.7812511178962094,0.015740740740740732,0.012037037037036846,2025-04-14,1,test,0.7179555656082864,0.3487289049732583,-0.000640776470040301,-0.000644914139403179,0.0020688346814390357,resize,-0.001848428835489746,0.0,-0.0,0.9900207644186919,-0.009979235581308088,0.9429921259842519,-0.09774436090225569,0.9877413401681395,-0.03626046632474267
000001.SZ,2025-04-10,10.86,10.93,10.82,10.9,10.8,0.1,0.9259,866548.05,943352.302,0.0092592592592593,-0.041336851363236504,-0.08016877637130793,10.912,11.331,-0.0010997067448680342,-0.03803724296178623,0.3518529547626413,0.016085654085861982,0.015813217920018347,0.6605371395829073,0.010091743119266002,0.004587155963302614,2025-04-15,1,test,0.6475948999062181,0.23615183984994897,0.003228971342344999,0.0030038172120983803,0.11257706512330934,resize,0.0092592592592593,0.0,0.0,0.9929946058311875,-0.007005394168812518,0.9517235345581802,-0.08939014202172091,0.9877413401681395,-0.03626046632474267
000001.SZ,2025-04-11,10.87,10.9,10.83,10.89,10.9,-0.01,-0.0917,583879.02,634311.78,-0.0009174311926605228,-0.03968253968253965,-0.0802364864864864,10.822,11.2835,0.006283496581038772,-0.03487393096113789,0.3492598093479499,0.015409531575276419,0.015812482528995687,0.45777941841551073,0.006427915518824635,0.010101010101009944,2025-04-16,1,test,0.648955568132493,0.2383289090119888,-0.00021665306408251545,-0.0002210072024065951,0.0021770691620398297,resize,-0.0009174311926605228,0.0,-0.0,0.9927751468713479,-0.0072248531286520645,0.9508503937007874,-0.09022556390977432,0.9877413401681395,-0.03626046632474267
000001.SZ,2025-04-14,10.95,11.04,10.92,10.93,10.89,0.04,0.3673,785993.45,862557.144,0.0036730945821854544,0.021495327102803774,-0.08688387635756067,10.868,11.2315,0.005704821494295187,-0.026844143702978274,0.369283518269986,0.015236749347221811,0.015543253657977865,0.6397273953976509,0.010978956999085016,0.011893870082342328,2025-04-17,1,test,0.7155614821354467,0.3448983714167147,0.0008754046244701061,0.0006622656996606544,0.1065694624047259,resize,0.0036730945821854544,0.0,0.0,0.9934326277985964,-0.006567372201403576,0.9543429571303587,-0.08688387635756056,0.9877413401681395,-0.03626046632474267
000001.SZ,2025-04-15,10.92,10.97,10.9,10.95,10.93,0.02,0.183,722754.1,790139.077,0.0018298261665141702,0.012014787430683738,-0.047826086956521796,10.894,11.204,0.005140444281255707,-0.02267047483041784,0.3795634203053293,0.014579189267754387,0.013363175078280623,0.698586366674102,0.006392694063926967,0.02100456621004576,2025-04-18,1,test,0.6872840062205241,0.2996544099528386,0.0006311040648064275,0.0005406161418786753,0.0452439614638761,resize,0.0018298261665141702,0.0,0.0,0.9939696935130532,-0.0060303064869468015,0.9560892388451443,-0.08521303258145363,0.9877413401681395,-0.03626046632474267
000001.SZ,2025-04-16,10.93,11.01,10.91,11.0,10.95,0.05,0.4566,842822.17,923316.063,0.004566210045662267,0.01851851851851838,-0.0426457789382072,10.934000000000001,11.1795,0.006036217303822866,-0.016056174247506716,0.40564451194916323,0.014125633716005432,0.013445651064464964,0.8458063388498921,0.00909090909090906,0.0018181818181817189,2025-04-21,1,test,0.6645399584965882,0.26326393359454114,0.0013682849769536508,0.0012955040242370558,0.03639047635829745,resize,0.004566210045662267,0.0,0.0,0.9952573852509691,-0.004742614749030927,0.9604549431321086,-0.08103592314118613,0.9877413401681395,-0.03626046632474267
000001.SZ,2025-04-17,10.95,11.08,10.93,11.06,11.0,0.06,0.5455,823919.31,907597.513,0.005454545454545601,0.014678899082568808,-0.03993055555555547,10.966,11.156500000000001,0.008571949662593559,-0.008649666113924703,0.43626882476138135,0.014014244519431524,0.013509422831240668,0.8497999452374068,0.01356238698010853,-0.001808318264014619,2025-04-22,0,test,0.6178603476087273,0.18857655617396374,0.0014359850923338993,0.0012866103374927446,0.0746873774205774,resize,0.005454545454545601,0.0,0.0,0.9965378936912989,-0.0034621063087011406,0.9656937882764657,-0.07602339181286522,0.9877413401681395,-0.03626046632474267
000001.SZ,2025-04-18,11.04,11.19,11.03,11.18,11.06,0.12,1.085,727098.15,810031.605,0.010849909584086825,0.026629935720844822,-0.026979982593559715,11.024,11.141,0.014150943396226578,0.003500583430571691,0.4925809037706182,0.013895783778455564,0.013791689485118306,0.7646886604974967,0.014311270125223626,-0.015205724508050134,2025-04-23,0,test,0.5631231539483403,0.18857655617396374,0.002046038584165977,0.002046038584165977,0.0,hold,0.010849909584086825,0.0,0.0,0.9985768486723748,-0.0014231513276251606,0.9761714785651796,-0.06599832915622361,0.9877413401681395,-0.03626046632474267
000001.SZ,2025-04-21,11.0,11.13,10.97,11.02,11.18,-0.16,-1.4311,1114184.18,1230804.536,-0.014311270125223596,0.008234217749313766,-0.035026269702276736,11.042,11.120999999999999,-0.001992392682485078,-0.009081917093786473,0.43079074721957894,0.014451732009079146,0.014049342952343308,1.1881693059556924,0.014519056261343026,0.0009074410163338875,2025-04-24,1,test,0.6130381510030661,0.18086104160490582,-0.0026987700346899966,-0.0027142010638281124,0.0077155145690579185,resize,-0.014311270125223596,0.0,-0.0,0.9958665103273941,-0.00413348967260585,0.9622012248468944,-0.07936507936507897,0.9877413401681395,-0.03626046632474267
000001.SZ,2025-04-22,11.02,11.06,10.98,11.04,11.02,0.02,0.1815,831128.87,915967.678,0.001814882032667775,0.008219178082191858,-0.02987697715289994,11.06,11.104,-0.001808318264014619,-0.0057636887608069065,0.44024301341154015,0.013912753154895695,0.014062634717634304,0.9023618480305661,0.00724637681159421,-0.0027173913043477826,2025-04-25,0,test,0.6063612102470786,0.17017793639532572,0.0003282414548183225,0.0003068752443991623,0.010683105209580102,resize,0.001814882032667775,0.0,0.0,0.9961721171061397,-0.0038278828938602683,0.9639475065616799,-0.07769423558897215,0.9877413401681395,-0.03626046632474267
000001.SZ,2025-04-23,11.04,11.05,10.97,11.01,11.04,-0.03,-0.2717,586382.93,645842.4,-0.0027173913043477826,0.0009090909090909705,-0.03674540682414695,11.062,11.083000000000002,-0.004700777436268289,-0.006586664260579411,0.42874200375186056,0.013473195360001494,0.014001072447744069,0.6418390350634166,0.007266121707538608,-0.0009082652134423386,2025-04-28,0,test,0.6034672975022264,0.16554767600356224,-0.00046244004455250816,-0.0004717005653360351,0.00463026039176348,resize,-0.0027173913043477826,0.0,-0.0,0.9957022221553288,-0.0042977778446712245,0.9613280839895015,-0.0802005012531325,0.9877413401681395,-0.03626046632474267
000001.SZ,2025-04-24,11.0,11.06,10.99,11.03,11.01,0.02,0.1817,689256.13,760348.555,0.0018165304268846771,-0.002712477396021762,-0.030755711775044103,11.056000000000001,11.065499999999998,-0.002351664254703456,-0.003208169535944938,0.43925917858495434,0.012941448334911372,0.01400848683239878,0.7565781450557973,0.006346328195829582,-0.00453309156844961,2025-04-29,0,test,0.5798445790516332,0.16554767600356224,0.00030072239056051715,0.00030072239056051715,0.0,hold,0.0018165304268846771,0.0,0.0,0.9960016521078616,-0.003998347892138376,0.9630743657042872,-0.07852965747702556,0.9877413401681395,-0.03626046632474267
000001.SZ,2025-04-25,11.04,11.05,10.99,11.01,11.03,-0.02,-0.1813,637546.86,702315.255,-0.0018132366273798661,-0.015205724508050134,-0.03336259877085168,11.022,11.0465,-0.0010887316276537717,-0.0033042140044358126,0.43071941335742187,0.012428145041799288,0.013998301340501559,0.6965992221233589,0.005449591280653996,-0.009082652134423275,2025-04-30,0,test,0.575217517265948,0.16554767600356224,-0.00030017710970727397,-0.00030017710970727397,0.0,hold,-0.0018132366273798661,0.0,-0.0,0.9957026752106681,-0.004297324789331869,0.9613280839895015,-0.0802005012531325,0.9877413401681395,-0.03626046632474267
000001.SZ,2025-04-28,11.0,11.04,10.96,11.0,11.01,-0.01,-0.0908,642018.37,706520.176,-0.0009082652134423386,-0.001814882032667886,-0.03083700440528636,11.017999999999999,11.029,-0.0016336903249227763,-0.002629431498775925,0.42625718810443936,0.012070392206706042,0.013991967606774888,0.7015970990065432,0.0072727272727271175,-0.0036363636363635488,2025-05-06,0,test,0.5990111714348976,0.16554767600356224,-0.00015036119528025858,-0.00015036119528025858,0.0,hold,-0.0009082652134423386,0.0,-0.0,0.9955529601662797,-0.004447039833720301,0.9604549431321087,-0.08103592314118602,0.9877413401681395,-0.03626046632474267
000001.SZ,2025-04-29,11.0,11.02,10.95,10.98,11.0,-0.02,-0.1818,649044.94,712792.543,-0.0018181818181818299,-0.005434782608695565,-0.0248667850799289,11.006,11.014999999999999,-0.0023623478102853257,-0.0031774852473898108,0.41695341192534385,0.01168401044469792,0.013913947880665184,0.727851419921237,0.006375227686703122,0.004553734061930603,2025-05-07,1,test,0.6030401524003561,0.16486424384056983,-0.0003009957745519333,-0.0003023626388779181,0.0006834321629924089,resize,-0.0018181818181818299,0.0,-0.0,0.995251942146101,-0.004748057853898979,0.958708661417323,-0.08270676691729295,0.9877413401681395,-0.03626046632474267
000001.SZ,2025-04-30,10.96,10.97,10.89,10.91,10.98,-0.07,-0.6375,869834.92,949911.03,-0.006375227686703178,-0.009082652134423275,-0.03194321206743567,10.986,10.997,-0.006917895503367966,-0.007911248522324277,0.3852583013330786,0.011508286309258747,0.013950532280402314,0.9652547240020077,0.007332722273143911,0.015582034830430747,2025-05-08,1,test,0.6394249885410352,0.2230799816656564,-0.0010510470918797846,-0.0011674785675299577,0.05821573782508657,resize,-0.006375227686703178,0.0,-0.0,0.9940900068343529,-0.005909993165647109,0.9525966754155731,-0.08855472013366739,0.9877413401681395,-0.03626046632474267
000001.SZ,2025-05-06,10.92,11.0,10.89,10.96,10.91,0.05,0.4583,854671.27,935212.114,0.004582951420714965,-0.006346328195829476,-0.03605980650835516,10.972,10.9765,-0.0010936930368208309,-0.0015032114061858115,0.41921879100122533,0.01135440724219348,0.013821435824448494,0.9525485444019236,0.010036496350364911,0.017335766423357546,2025-05-09,1,test,0.5908091358088703,0.2230799816656564,0.0010223647189076884,0.0010223647189076884,0.0,hold,0.004582951420714965,0.0,0.0,0.995106329384759,-0.004893670615241041,0.9569623797025373,-0.0843776106934,0.9877413401681395,-0.03626046632474267
000001.SZ,2025-05-07,11.01,11.04,10.97,11.03,10.96,0.07,0.6387,1126270.01,1240098.147,0.006386861313868453,0.0018165304268846771,-0.02733686067019403,10.976,10.961,0.00491982507288613,0.0062950460724384705,0.463872930567655,0.010994534023233554,0.01393150761611364,1.2223932072868968,0.00634632819582942,0.011786038077969296,2025-05-12,1,test,0.5435612924848507,0.2230799816656564,0.0014247809047988646,0.0014247809047988646,0.0,hold,0.006386861313868453,0.8,-0.0016,0.9965241378811109,-0.0034758621188890615,0.963074365704287,-0.07852965747702578,0.9861609540238705,-0.03780244957862311
000001.SZ,2025-05-08,11.0,11.08,10.99,11.08,11.03,0.05,0.4533,1056613.66,1167913.498,0.004533091568449832,0.0072727272727273196,0.03551401869158877,10.992,10.98,0.008005822416302655,0.009107468123861429,0.4938106569145831,0.010743335698758762,0.00586480512036128,1.247599412461008,0.008122743682310456,0.018953068592057587,2025-05-13,1,test,0.519467300866411,0.2230799816656564,0.0010112419839785301,0.0010112419839785301,0.0,hold,0.004533091568449832,0.8,0.003626473254759866,0.9975318649273843,-0.0024681350726156737,0.9674400699912512,-0.07435254803675839,0.9897372403485266,-0.034313065896224404
000001.SZ,2025-05-09,11.07,11.17,11.06,11.15,11.08,0.07,0.6318,999897.47,1113688.153,0.00631768953068601,0.015482695810564717,0.030499075785582308,11.026,10.9965,0.011246145474333336,0.013958986950393326,0.5331177695079926,0.010618001755600329,0.00555936871119472,1.2138907566732393,0.009865470852017886,0.02511210762331828,2025-05-14,1,test,0.490663846633176,0.2230799816656564,0.0014093500646747447,0.0014093500646747447,0.0,hold,0.00631768953068601,0.8,0.005054151624548808,0.9989377365257349,-0.0010622634742650794,0.9735520559930011,-0.06850459482038396,0.9947395224297105,-0.029432337709418332
000001.SZ,2025-05-12,11.16,11.22,11.13,11.16,11.15,0.01,0.0897,895604.6,1000478.411,0.0008968609865471766,0.0229147571035746,0.033333333333333215,11.076,11.0145,0.007583965330444142,0.013209859730355378,0.5386295832398386,0.010426775182246977,0.005508191700784542,1.0985328047422442,0.008064516129032246,0.020609318996415826,2025-05-15,1,test,0.5003317981764852,0.2230799816656564,0.00020007173243558667,0.00020007173243558667,0.0,hold,0.0008968609865471766,0.8,0.0007174887892377413,0.9991375957292769,-0.0008624042707231494,0.974425196850394,-0.06766917293233043,0.9954532368852657,-0.02873596629252806
000001.SZ,2025-05-13,11.19,11.33,11.15,11.29,11.16,0.13,1.1649,1261030.62,1420501.315,0.011648745519713177,0.030109489051094673,0.035779816513761276,11.142,11.034,0.013283073056901795,0.02320101504440797,0.6040683935424443,0.010709329010757886,0.005694573190364799,1.510220739850876,0.01594331266607615,0.007971656333038313,2025-05-16,1,test,0.4402164537718419,0.2230799816656564,0.002598601936965513,0.002598601936965513,0.0,hold,0.011648745519713177,0.8,0.009318996415770543,1.001733956620834,0.0,0.9857760279965007,-0.05680868838763542,1.0047298620318665,-0.019684760243641408
000001.SZ,2025-05-14,11.29,11.47,11.25,11.43,11.29,0.14,1.24,1683513.58,1912995.433,0.01240035429583708,0.036264732547597545,0.04958677685950397,11.222,11.061,0.0185350204954553,0.03336045565500401,0.6599974167635477,0.011197401692969225,0.006104631426391731,1.8916323320985813,0.019247594050743715,-0.005249343832021025,2025-05-19,0,test,0.3852132061316954,0.2230799816656564,0.0027662708089629794,0.0027662708089629794,0.0,hold,0.01240035429583708,0.8,0.009920283436669664,1.0045050240233815,0.0,0.9980000000000003,-0.04511278195488677,1.0146970670405087,-0.009959755207971543
000001.SZ,2025-05-15,11.43,11.5,11.38,11.39,11.43,-0.04,-0.35,1035460.26,1183732.832,-0.0034995625546805353,0.02797833935018046,0.042086001829826136,11.284,11.084,0.009393831974477074,0.027607361963190247,0.6325059254105311,0.011186641901155751,0.0062311158584095454,1.1473846239152143,0.010535557506584654,0.0,2025-05-20,0,test,0.40295988539768895,0.2230799816656564,-0.0007806823505359515,-0.0007806823505359515,0.0,hold,-0.0034995625546805353,0.8,-0.0027996500437444285,1.0037208246801017,-0.0007806823505359661,0.9945074365704292,-0.04845446950710053,1.0118562703523815,-0.012731521422612135
000001.SZ,2025-05-16,11.37,11.43,11.31,11.38,11.39,-0.01,-0.0878,914744.45,1039223.623,-0.0008779631255486642,0.020627802690583064,0.03926940639269416,11.330000000000002,11.1055,0.0044130626654896865,0.024717482328576068,0.6254913392024771,0.011149925096059072,0.006264468971461926,1.0029519282827184,0.01054481546572928,0.008787346221441172,2025-05-21,1,test,0.405328588506714,0.2230799816656564,-0.0001958559979505184,-0.0001958559979505184,0.0,hold,-0.0008779631255486642,0.8,-0.0007023705004389314,1.0035242399363202,-0.0009763854471657174,0.9936342957130364,-0.04928989139515394,1.0111455723574017,-0.013424949677978248
000001.SZ,2025-05-19,11.4,11.47,11.36,11.37,11.38,-0.01,-0.0879,831390.6,949883.545,-0.0008787346221442727,0.018817204301075252,0.033636363636363464,11.372,11.123999999999999,-0.00017587055926848727,0.022114347357065745,0.6181091140068186,0.011053649445351055,0.006263057063962514,0.912132016191472,0.009674582233949095,0.015831134564644023,2025-05-22,1,test,0.41843351350618435,0.2230799816656564,-0.00019602810339692186,-0.00019602810339692186,0.0,hold,-0.0008787346221442727,0.8,-0.0007029876977154182,1.0033275209828527,-0.0011722221515751974,0.9927611548556434,-0.05012531328320757,1.010434749459435,-0.01411849980122759
000001.SZ,2025-05-20,11.4,11.47,11.37,11.39,11.37,0.02,0.1759,643634.8,734455.266,0.0017590149516271136,0.008857395925597977,0.029837251356238603,11.392,11.1405,-0.000175561797752688,0.02239576320631942,0.6275762376853913,0.010873196566645808,0.006203055214597508,0.713195358217759,0.008779631255487395,0.006145741878841093,2025-05-23,1,test,0.3863882086301299,0.2230799816656564,0.000392401023158592,0.000392401023158592,0.0,hold,0.0017590149516271136,0.8,0.001407211961301691,1.0037212277286496,-0.0007802811095882767,0.9945074365704291,-0.04845446950710064,1.0118566453249893,-0.012731155561721774
000001.SZ,2025-05-21,11.4,11.59,11.39,11.48,11.39,0.09,0.7902,1328278.1,1528350.368,0.007901668129938422,0.004374453193350947,0.02683363148479434,11.402,11.1555,0.006840905104367856,0.029088790282820076,0.6675193851006012,0.011261785811493556,0.0060109355983136254,1.424388223937694,0.017421602787456383,-0.005226480836237002,2025-05-26,0,test,0.3352261333227619,0.0,0.0017627039815547646,0.0013165440182234518,0.2230799816656564,model_exit,0.007901668129938422,0.8,0.0063213345039507375,1.0050426709069797,0.0,1.0023657042869645,-0.04093567251461949,1.0182529296501341,-0.006490298950698303
000001.SZ,2025-05-22,11.45,11.56,11.44,11.55,11.48,0.07,0.6098,1002968.06,1155265.064,0.0060975609756097615,0.014047410008779737,0.048094373865698925,11.434000000000001,11.181999999999999,0.010145181039006523,0.03291003398318737,0.6949257054386507,0.011136109551683978,0.004895676700292723,1.081991848609309,0.010389610389610475,-0.0051948051948051965,2025-05-27,0,test,0.3268609596135046,0.0,0.0,0.0,0.0,hold,0.0060975609756097615,0.8,0.004878048780487809,1.0050426709069797,0.0,1.0084776902887143,-0.03508771929824517,1.0232200171118422,-0.0016439101650919108
000001.SZ,2025-05-23,11.55,11.6,11.43,11.46,11.55,-0.09,-0.7792,962643.11,1108636.101,-0.007792207792207795,0.007029876977152849,0.03804347826086962,11.450000000000001,11.203,0.0008733624454149158,0.022940283852539656,0.6237364166286554,0.011481468768295618,0.005373887596619305,1.0311747387488344,0.014834205933682365,0.006108202443280808,2025-05-28,1,test,0.40292070772291366,0.0,-0.0,-0.0,0.0,hold,-0.007792207792207795,0.8,-0.006233766233766236,1.0050426709069797,0.0,1.0006194225721787,-0.04260651629072654,1.0168415027194566,-0.007867428647179708
000001.SZ,2025-05-26,11.44,11.5,11.4,11.42,11.46,-0.04,-0.349,699158.58,800495.685,-0.003490401396160636,0.004397537379067895,0.037238873751135326,11.459999999999999,11.223500000000001,-0.003490401396160525,0.017507907515480703,0.5945829058217964,0.01132417573868327,0.005409497972852869,0.7444359014453047,0.008756567425569146,0.003502626970227851,2025-05-29,1,test,0.4380154993992335,0.0,-0.0,-0.0,0.0,hold,-0.003490401396160636,0.8,-0.002792321116928509,1.0050426709069797,0.0,0.9971268591426073,-0.045948203842940405,1.0140021547188438,-0.010637781376960698
000001.SZ,2025-05-27,11.45,11.54,11.42,11.49,11.42,0.07,0.613,801915.14,921912.281,0.0061295971978985175,0.008779631255487308,0.041704442429737254,11.48,11.246500000000001,0.0008710801393727596,0.021651180367225242,0.6274038351227625,0.011197234428477665,0.005489469793420719,0.848756329791207,0.010443864229764946,0.006092254134029584,2025-05-30,1,test,0.4062227830051063,0.0,0.0,0.0,0.0,hold,0.0061295971978985175,0.8,0.004903677758318814,1.0050426709069797,0.0,1.0032388451443572,-0.04010025062656608,1.018974494531826,-0.00578626787057801
000001.SZ,2025-05-28,11.5,11.55,11.44,11.53,11.49,0.04,0.3481,658179.47,757571.319,0.003481288076588207,0.00435540069686402,0.04722979109900094,11.49,11.272499999999999,0.003481288076588207,0.022843202483921132,0.6450853464062173,0.011042813198994613,0.005423567759549083,0.6958650136788657,0.009540329575021787,0.024284475281873386,2025-06-03,1,test,0.3744797716245198,0.0,0.0,0.0,0.0,hold,0.003481288076588207,0.8,0.002785030461270566,1.0050426709069797,0.0,1.0067314085739285,-0.03675856307435221,1.021812369538355,-0.0030173523415839565
000001.SZ,2025-05-29,11.52,11.55,11.45,11.46,11.53,-0.07,-0.6071,919806.76,1056726.384,-0.00607111882046818,-0.007792207792207795,0.041818181818181976,11.472,11.2955,-0.0010460251046023883,0.014563321676773988,0.5921287704027862,0.010939960548474842,0.0056877380829966455,0.9583985763040641,0.00872600349040152,0.03315881326352521,2025-06-04,1,test,0.4165704457139565,0.0,-0.0,-0.0,0.0,hold,-0.00607111882046818,0.8,-0.004856895056374544,1.0050426709069797,0.0,1.000619422572179,-0.042606516290726315,1.0168495340922017,-0.007859592434287355
000001.SZ,2025-05-30,11.47,11.58,11.44,11.56,11.46,0.1,0.8726,1130849.31,1303433.716,0.008726003490401313,0.008726003490401313,0.052823315118396996,11.492,11.3245,0.00591715976331364,0.02079562011567848,0.6378649537704364,0.010935710099553774,0.005790958993008377,1.1494435847278475,0.012110726643598664,0.009515570934256035,2025-06-05,1,test,0.3930633552990442,0.0,0.0,0.0,0.0,hold,0.008726003490401313,0.8,0.00698080279232105,1.0050426709069797,0.0,1.0093508311461072,-0.034252297410191535,1.0239479601591628,-0.0009336559067781858
000001.SZ,2025-06-03,11.54,11.91,11.53,11.81,11.56,0.25,2.1626,2192479.66,2580962.601,0.021626297577854725,0.03415061295971977,0.08249312557286892,11.570000000000002,11.3695,0.020743301642177858,0.038744008091824655,0.7218408861389917,0.012237924965289354,0.006757555166491018,2.088164413787087,0.03217612193056738,-0.009314140558848494,2025-06-06,0,test,0.32023912180658587,0.0,0.0,0.0,0.0,hold,0.021626297577854725,0.8,0.01730103806228378,1.0050426709069797,0.0,1.0311793525809279,-0.013366750208854916,1.0416633227916743,0.0
000001.SZ,2025-06-04,11.82,11.88,11.78,11.84,11.81,0.03,0.254,1167959.5,1383019.682,0.002540220152413175,0.030461270670147922,0.08029197080291972,11.64,11.4135,0.01718213058419238,0.03736802908836023,0.7299340808576034,0.011938275940642352,0.006763315022478275,1.0960376342901341,0.008445945945946066,-0.010979729729729604,2025-06-09,0,test,0.3536567954816113,0.0,0.0,0.0,0.0,hold,0.002540220152413175,0.8,0.00203217612193054,1.0050426709069797,0.0,1.0337987751531064,-0.01086048454469446,1.0437801661233423,0.0
000001.SZ,2025-06-05,11.88,11.91,11.66,11.67,11.84,-0.17,-1.4358,1166803.49,1369212.336,-0.014358108108108114,0.012142237640936804,0.05802357207615594,11.668000000000001,11.4455,0.00017140898183054532,0.019614695731947185,0.6198712800253814,0.012777203040663918,0.007810772065664433,1.0928743018730145,0.021422450728363324,0.011996572407883432,2025-06-10,1,test,0.44467987164913186,0.0,-0.0,-0.0,0.0,hold,-0.014358108108108114,0.8,-0.011486486486486492,1.0050426709069797,0.0,1.0189553805774283,-0.025062656641603454,1.031790799350304,-0.011486486486486536
000001.SZ,2025-06-06,11.7,11.79,11.68,11.7,11.67,0.03,0.2571,682352.51,799900.024,0.0025706940874035134,0.02094240837696315,0.05595667870036092,11.716,11.4765,-0.0013656538067600144,0.01947457848647227,0.6304607567640739,0.012566724501215643,0.007801389585444492,0.6505202739002797,0.009401709401709354,0.012820512820512775,2025-06-11,1,test,0.47891023583408043,0.0,0.0,0.0,0.0,hold,0.0025706940874035134,0.8,0.002056555269922811,1.0050426709069797,0.0,1.0215748031496066,-0.02255639097744322,1.0339127341561656,-0.009453553810880422
000001.SZ,2025-06-09,11.73,11.75,11.65,11.71,11.7,0.01,0.0855,773254.68,905092.605,0.0008547008547010737,0.012975778546712835,0.05022421524663678,11.745999999999999,11.5045,-0.0030648731483056135,0.017862575513929446,0.6341196215951895,0.012269115509545557,0.007767480280346786,0.7452329062281379,0.008539709649871873,-0.00256191289496166,2025-06-12,0,test,0.4656493823003002,0.0,0.0,0.0,0.0,hold,0.0008547008547010737,0.8,0.000683760683760859,1.0050426709069797,0.0,1.0224479440069996,-0.021720969089389586,1.0346196830342214,-0.008776257095537199
000001.SZ,2025-06-10,11.72,11.89,11.71,11.81,11.71,0.1,0.854,1428131.8,1689018.78,0.00853970964987183,0.0,0.05824372759856633,11.746,11.537,0.005448663374765905,0.02366299731299293,0.6693735910647086,0.012384948917491957,0.007867396277025207,1.3419419244522521,0.01524132091447923,-0.019475021168501305,2025-06-13,0,test,0.39240227318260007,0.0,0.0,0.0,0.0,hold,0.00853970964987183,0.8,0.0068317677198974636,1.0050426709069797,0.0,1.0311793525809279,-0.013366750208854916,1.041687964387145,-0.0020044467255665444
000001.SZ,2025-06-11,11.82,11.93,11.79,11.85,11.81,0.04,0.3387,1094666.64,1298656.315,0.003386960203217493,0.0008445945945945166,0.049601417183348095,11.748000000000001,11.565,0.008682328907047898,0.024643320363164634,0.682549762462536,0.01230537195480736,0.007607990193876767,1.036704958220734,0.01181434599156123,-0.005063291139240533,2025-06-16,0,test,0.4044945600473963,0.0,0.0,0.0,0.0,hold,0.003386960203217493,0.8,0.0027095681625739945,1.0050426709069797,0.0,1.0346719160104991,-0.010025062656641048,1.044510488930785,0.0
000001.SZ,2025-06-12,11.56,11.7,11.52,11.68,11.49,0.19,1.6536,1290220.47,1500287.176,-0.014345991561181437,0.0008568980291345785,0.021872265966754068,11.75,11.5775,-0.005957446808510625,0.008853379399697658,0.5772578208079051,0.013610827725281762,0.008077996931334454,1.245092263397691,0.015410958904109566,0.006849315068493178,2025-06-17,1,test,0.49478067647118085,0.0,-0.0,-0.0,0.0,hold,-0.014345991561181437,0.8,-0.01147679324894515,1.0050426709069797,0.0,1.019828521434821,-0.024227234753550042,1.0325228580029717,-0.011476793248945238
000001.SZ,2025-06-13,11.68,11.74,11.56,11.58,11.68,-0.1,-0.8562,1095494.19,1272773.101,-0.008561643835616417,-0.01025641025641022,0.01668129938542573,11.726,11.587,-0.012450963670475934,-0.0006041253128505897,0.525868407758381,0.013858056265770927,0.008295006072417037,1.0541234639018282,0.015544041450777177,0.016407599309153698,2025-06-18,1,test,0.5359652775769642,0.0,-0.0,-0.0,0.0,hold,-0.008561643835616417,0.8,-0.006849315068493134,1.0050426709069797,0.0,1.0110971128608928,-0.03258145363408471,1.0254507836330884,-0.018247500144500384
000001.SZ,2025-06-16,11.57,11.79,11.53,11.79,11.58,0.21,1.8135,1174438.27,1371041.708,0.018134715025906578,0.0068317677198974636,0.03602811950790841,11.742,11.6075,0.004087889626979813,0.015722593150979902,0.6053276640762801,0.014214175392276476,0.009092283257080197,1.1161408313876007,0.022052586938083103,-0.007633587786259555,2025-06-19,0,test,0.46853659809967474,0.0,0.0,0.0,0.0,hold,0.018134715025906578,0.8,0.014507772020725264,1.0050426709069797,0.0,1.0294330708661419,-0.015037593984962183,1.0403277898205112,-0.004004458695819779
000001.SZ,2025-06-17,11.79,11.88,11.71,11.76,11.79,-0.03,-0.2545,890027.34,1048960.749,-0.0025445292620864812,-0.0042337002540220325,0.03430079155672838,11.732,11.626999999999999,0.0023866348448686736,0.0114388922335944,0.5901128272085543,0.014265103634440083,0.009124128863905623,0.843497412922215,0.014455782312925164,0.006802721088435382,2025-06-20,1,test,0.47814461963655625,0.0,-0.0,-0.0,0.0,hold,-0.0025445292620864812,0.8,-0.002035623409669185,1.0050426709069797,0.0,1.0268136482939634,-0.01754385964912264,1.038210074217823,-0.006031930535624785
000001.SZ,2025-06-18,11.78,11.81,11.66,11.77,11.76,0.01,0.085,683521.11,802908.098,0.0008503401360544505,-0.006751054852320637,0.03336259877085146,11.716,11.646,0.004609081597815035,0.010647432594882211,0.5937780768900783,0.014145218131042607,0.009126129548643986,0.6465651225235062,0.01274426508071371,0.0135938827527613,2025-06-23,1,test,0.4840649020070486,0.0,0.0,0.0,0.0,hold,0.0008503401360544505,0.8,0.0006802721088435605,1.0050426709069797,0.0,1.0276867891513561,-0.016708437761069228,1.0389163395744339,-0.005355761780887036
000001.SZ,2025-06-19,11.76,11.78,11.65,11.7,11.77,-0.07,-0.5947,832247.16,974127.331,-0.005947323704333041,0.001712328767123239,0.019163763066202044,11.719999999999999,11.657,-0.0017064846416381396,0.003688770695719157,0.5562794813891202,0.014007080746219954,0.009153433528842429,0.8061630589132243,0.011111111111111027,0.01965811965811959,2025-06-24,1,test,0.5291931503971159,0.0,-0.0,-0.0,0.0,hold,-0.005947323704333041,0.8,-0.004757858963466433,1.0050426709069797,0.0,1.0215748031496064,-0.02255639097744344,1.0339733221558978,-0.01008813878515824
000001.SZ,2025-06-20,11.7,11.86,11.67,11.84,11.7,0.14,1.1966,1309197.82,1544541.881,0.011965811965811923,0.022452504317789224,0.02510822510822508,11.772,11.6715,0.005776418620455193,0.01443687615130873,0.6094081248335967,0.013999016538972335,0.00940305974902413,1.2496312110663603,0.016047297297297255,0.01858108108108114,2025-06-25,1,test,0.4772022517935798,0.0,0.0,0.0,0.0,hold,0.011965811965811923,0.8,0.00957264957264954,1.0050426709069797,0.0,1.033798775153106,-0.010860484544694904,1.0438711864363646,-0.000612059429939138
000001.SZ,2025-06-23,11.81,11.97,11.67,11.93,11.84,0.09,0.7601,1389170.48,1646476.917,0.007601351351351315,0.01187446988973706,0.0410122164048865,11.8,11.695,0.011016949152542255,0.020094057289439915,0.6393070786001759,0.014697213661110181,0.009257458717525915,1.2995122939538992,0.02514668901927919,0.0402347024308467,2025-06-26,1,test,0.438740550987102,0.0,0.0,0.0,0.0,hold,0.007601351351351315,0.8,0.006081081081081053,1.0050426709069797,0.0,1.0416570428696412,-0.003341687552213868,1.0502190517592882,0.0
000001.SZ,2025-06-24,11.9,12.01,11.84,11.93,11.93,0.0,0.0,1308525.31,1560621.893,0.0,0.014455782312925214,0.04465849387040288,11.834,11.7205,0.00811221902991388,0.017874664050168576,0.6393070786001759,0.014665254859906466,0.009183891413358763,1.1901504953755997,0.014249790444258167,0.022632020117351104,2025-06-27,1,test,0.45052750499383676,0.0,0.0,0.0,0.0,hold,0.0,0.8,0.0,1.0050426709069797,0.0,1.0416570428696412,-0.003341687552213868,1.0502190517592882,0.0
000001.SZ,2025-06-25,11.93,12.08,11.83,12.06,11.93,0.13,1.0897,1675116.47,2007989.727,0.010896898575021075,0.024638912489379772,0.04960835509138373,11.892,11.749,0.014127144298688332,0.026470337901097984,0.6803030757371807,0.01495163691200482,0.009342534901808705,1.465387151347597,0.020729684908789386,0.0008291873963515162,2025-06-30,1,test,0.41436676283383356,0.0,0.0,0.0,0.0,hold,0.010896898575021075,0.8,0.00871751886001686,1.0050426709069797,0.0,1.053007874015748,0.0,1.0593743561501487,0.0
000001.SZ,2025-06-26,12.05,12.48,12.01,12.41,12.06,0.35,2.9022,2174577.66,2672207.529,0.029021558872305064,0.06068376068376069,0.07632263660017347,12.034,11.793000000000001,0.031244806381917956,0.05231917239040107,0.7595439033875033,0.016197292707862992,0.010993506456339673,1.783987756434995,0.03787268331990336,-0.008863819500402825,2025-07-01,0,test,0.352988746550709,0.0,0.0,0.0,0.0,hold,0.029021558872305064,0.8,0.023217247097844052,1.0050426709069797,0.0,1.083567804024497,0.0,1.0839701123460062,0.0
000001.SZ,2025-06-27,12.37,12.58,12.13,12.2,12.41,-0.21,-1.6922,2377600.15,2937865.058,-0.01692183722804197,0.03040540540540526,0.06457242582897016,12.106,11.83,0.007764744754667152,0.03127641589180041,0.6546905028767557,0.01793389480421274,0.011708979789195481,1.8404875404122012,0.03688524590163929,0.009836065573770592,2025-07-02,1,test,0.4462872033865063,0.0,-0.0,-0.0,0.0,hold,-0.01692183722804197,0.8,-0.013537469782433576,1.0050426709069797,0.0,1.0652318460192476,-0.01692183722804186,1.069295899705061,-0.013537469782433531
000001.SZ,2025-06-30,12.14,12.17,11.96,12.07,12.2,-0.13,-1.0656,1504819.65,1812492.377,-0.0106557377049179,0.011735121542330251,0.044117647058823595,12.134,11.8555,-0.005274435470578598,0.018092868288979824,0.5995159153355654,0.018252548916724697,0.01200986210085784,1.1482525388056333,0.017398508699254273,0.023198011599005808,2025-07-03,1,test,0.5014515609995331,0.0,-0.0,-0.0,0.0,hold,-0.0106557377049179,0.8,-0.008524590163934321,1.0050426709069797,0.0,1.053881014873141,-0.02739726027397249,1.0601805903961,-0.021946658564615973
000001.SZ,2025-07-01,12.06,12.33,12.06,12.3,12.07,0.23,1.9056,1354341.08,1653806.75,0.0190555095277547,0.031014249790444426,0.041490262489415786,12.208,11.879999999999999,0.007536041939711691,0.03535353535353547,0.6549255213209025,0.0181998109786485,0.011813764475911023,1.0675675685156052,0.021951219512195086,0.024390243902439046,2025-07-04,1,test,0.4577844241474171,0.0,0.0,0.0,0.0,hold,0.0190555095277547,0.8,0.01524440762220376,1.0050426709069797,0.0,1.0739632545931759,-0.008863819500402825,1.0763424154692467,-0.007036814751516629
000001.SZ,2025-07-02,12.31,12.41,12.23,12.32,12.3,0.02,0.1626,1200411.84,1481842.213,0.001626016260162677,0.021558872305140975,0.04054054054054057,12.260000000000002,11.904,0.004893964110929794,0.034946236559139754,0.6593392811896726,0.017915988958058297,0.011813757478969022,0.9450231914386505,0.014610389610389588,0.037337662337662225,2025-07-07,1,test,0.44123518487381375,0.0,0.0,0.0,0.0,hold,0.001626016260162677,0.8,0.0013008130081301418,1.0050426709069797,0.0,1.0757095363079616,-0.007252215954875019,1.0777425356844914,-0.00574515532355091
000001.SZ,2025-07-03,12.33,12.42,12.28,12.35,12.32,0.03,0.2435,794085.97,980546.007,0.0024350649350648457,-0.00483481063658342,0.05826906598114823,12.248000000000001,11.937999999999999,0.008327890267798788,0.034511643491372146,0.6662355142027063,0.017405580055075868,0.011197845956646127,0.6344515871289399,0.011336032388664014,0.027530364372469585,2025-07-08,1,test,0.43699613928509595,0.0,0.0,0.0,0.0,hold,0.0024350649350648457,0.8,0.0019480519480518767,1.0050426709069797,0.0,1.07832895888014,-0.00483481063658342,1.07984203413063,-0.0038082952365188216
000001.SZ,2025-07-04,12.35,12.72,12.3,12.6,12.35,0.25,2.0243,1775332.67,2224874.056,0.020242914979757165,0.032786885245901676,0.07692307692307687,12.328,11.983,0.022063595068137598,0.05148961028123167,0.7175494904292399,0.018222595679378856,0.011817264171509105,1.359096946588935,0.033333333333333326,0.01904761904761898,2025-07-09,1,test,0.3694890064399331,0.0,0.0,0.0,0.0,hold,0.020242914979757165,0.8,0.016194331983805734,1.0050426709069797,0.0,1.1001574803149607,0.0,1.0973293545214096,0.0
000001.SZ,2025-07-07,12.6,12.82,12.6,12.78,12.6,0.18,1.4286,1495406.53,1901755.851,0.014285714285714235,0.05882352941176472,0.09137489325362935,12.469999999999999,12.0365,0.024859663191659997,0.06177044821999744,0.7476340391670301,0.01791225783748188,0.012011872000612564,1.1140075267238998,0.017214397496087688,0.031298904538341166,2025-07-10,1,test,0.31425882361341323,0.0,0.0,0.0,0.0,hold,0.014285714285714235,0.8,0.011428571428571389,1.0050426709069797,0.0,1.1158740157480316,0.0,1.1098702614302256,0.0
000001.SZ,2025-07-08,12.75,12.84,12.65,12.69,12.78,-0.09,-0.7042,1090985.97,1387093.602,-0.007042253521126751,0.03170731707317054,0.07451312447078728,12.547999999999998,12.0805,0.011316544469238243,0.05045320971814071,0.7070808598470412,0.017820232562868618,0.012224994339575017,0.8230692443276704,0.014972419227738338,0.01733648542159183,2025-07-11,1,test,0.39218736625993106,0.0,-0.0,-0.0,0.0,hold,-0.007042253521126751,0.8,-0.005633802816901401,1.0050426709069797,0.0,1.108015748031496,-0.007042253521126862,1.1036174712249849,-0.005633802816901401
000001.SZ,2025-07-09,12.66,12.9,12.66,12.84,12.69,0.15,1.182,1205963.3,1542699.035,0.011820330969267268,0.04220779220779214,0.08354430379746836,12.652,12.13,0.0148593107809043,0.05853256389117889,0.7330686230865513,0.017689162026571188,0.01235259279771102,0.9060075879828583,0.018691588785046745,0.010903426791277315,2025-07-14,1,test,0.36915506575428786,0.0,0.0,0.0,0.0,hold,0.011820330969267268,0.8,0.009456264775413815,1.0050426709069797,0.0,1.1211128608923886,0.0,1.114053570243661,0.0
000001.SZ,2025-07-10,12.82,13.33,12.79,13.18,12.84,0.34,2.648,2481415.53,3249454.029,0.026479750778816147,0.06720647773279342,0.12842465753424648,12.818000000000001,12.205,0.02824153534092666,0.07988529291274071,0.7805864828374919,0.018928435538018987,0.012508660551209123,1.7843772436372856,0.04097116843702587,-0.034142640364188126,2025-07-15,0,test,0.2273959280901714,0.0,0.0,0.0,0.0,hold,0.026479750778816147,0.8,0.021183800623052917,1.0050426709069797,0.0,1.1507996500437445,0.0,1.137653458959103,0.0
000001.SZ,2025-07-11,13.19,13.3,12.89,12.91,13.18,-0.27,-2.0486,2443743.5,3200219.566,-0.020485584218512876,0.024603174603174738,0.1148531951640761,12.88,12.2715,0.0023291925465838137,0.05203112903882978,0.6774517095527176,0.020212449624234664,0.013444213960984113,1.6760396074654251,0.03175832687838886,-0.02091402013942678,2025-07-16,0,test,0.3727197472408178,0.0,-0.0,-0.0,0.0,hold,-0.020485584218512876,0.8,-0.0163884673748103,1.0050426709069797,0.0,1.1272248468941382,-0.020485584218512987,1.1190090623631117,-0.016388467374810256
000001.SZ,2025-07-14,12.87,13.17,12.86,12.98,12.91,0.07,0.5422,1872895.85,2440924.105,0.005422153369481153,0.015649452269170583,0.10093299406276524,12.919999999999998,12.331,0.004643962848297489,0.052631578947368585,0.6889270428602781,0.020373406451878188,0.013130628599578451,1.254477160556184,0.023882896764252735,-0.03004622496147924,2025-07-17,0,test,0.4009584301362206,0.0,0.0,0.0,0.0,hold,0.005422153369481153,0.8,0.004337722695584923,1.0050426709069797,0.0,1.1333368328958882,-0.015174506828527945,1.1238630133694893,-0.012121833306102947
000001.SZ,2025-07-15,12.99,13.04,12.71,12.73,12.98,-0.25,-1.926,1810531.31,2322277.285,-0.01926040061633283,0.0031520882584712417,0.08248299319727903,12.928,12.3795,-0.015315594059405968,0.02831293670988333,0.6060044237531976,0.021141334332229398,0.014076182920524307,1.1764378284951704,0.025923016496464907,,,0,not_labeled,0.5015159376326607,0.0,-0.0,-0.0,0.0,hold,-0.01926040061633283,0.8,-0.015408320493066265,1.0050426709069797,0.0,1.1115083114610675,-0.034142640364188015,1.106546171869189,-0.027343376706625344
000001.SZ,2025-07-16,12.73,12.76,12.5,12.64,12.73,-0.09,-0.707,1927863.79,2424983.973,-0.0070699135899450205,-0.015576323987538832,0.07391673746813932,12.888,12.423,-0.019242706393544307,0.017467600418578533,0.5789862962427377,0.02124027700407235,0.014271239885116532,1.2040031358703582,0.020569620253164538,,,0,not_labeled,0.5092748017867077,0.0,-0.0,-0.0,0.0,hold,-0.0070699135899450205,0.8,-0.005655930871956017,1.0050426709069797,0.0,1.103650043744532,-0.04097116843702575,1.1002876232144692,-0.03284465533012282
000001.SZ,2025-07-17,12.61,12.7,12.54,12.59,12.64,-0.05,-0.3956,944641.4,1189666.227,-0.003955696202531667,-0.044764795144157765,0.07606837606837602,12.77,12.467500000000001,-0.014095536413469056,0.009825546420693776,0.5639435454382354,0.020709192768121915,0.014210580229315237,0.5878908332004289,0.012708498808578248,,,0,not_labeled,0.5938875920165355,0.0,-0.0,-0.0,0.0,hold,-0.003955696202531667,0.8,-0.0031645569620253333,1.0050426709069797,0.0,1.0992843394575678,-0.044764795144157876,1.0968057003561955,-0.035905273509457936
