model,model_label,fpr,tpr,threshold,auc
logistic_regression,逻辑回归,0.0,0.0,1.6957631468495005,0.5086519757280143
logistic_regression,逻辑回归,0.0,0.003745318352059925,0.6957631468495005,0.5086519757280143
logistic_regression,逻辑回归,0.003875968992248062,0.003745318352059925,0.6940447449566934,0.5086519757280143
logistic_regression,逻辑回归,0.003875968992248062,0.02247191011235955,0.6762746688657464,0.5086519757280143
logistic_regression,逻辑回归,0.015503875968992248,0.02247191011235955,0.6719917787086966,0.5086519757280143
logistic_regression,逻辑回归,0.015503875968992248,0.033707865168539325,0.6578510239338049,0.5086519757280143
logistic_regression,逻辑回归,0.01937984496124031,0.033707865168539325,0.6545616750359388,0.5086519757280143
logistic_regression,逻辑回归,0.01937984496124031,0.03745318352059925,0.6537051979393925,0.5086519757280143
logistic_regression,逻辑回归,0.023255813953488372,0.03745318352059925,0.6532330658873238,0.5086519757280143
logistic_regression,逻辑回归,0.023255813953488372,0.0599250936329588,0.644962456488109,0.5086519757280143
logistic_regression,逻辑回归,0.027131782945736434,0.0599250936329588,0.642007970496674,0.5086519757280143
logistic_regression,逻辑回归,0.027131782945736434,0.07116104868913857,0.638668620075015,0.5086519757280143
logistic_regression,逻辑回归,0.031007751937984496,0.07116104868913857,0.6377793253191827,0.5086519757280143
logistic_regression,逻辑回归,0.031007751937984496,0.07865168539325842,0.6325996720479228,0.5086519757280143
logistic_regression,逻辑回归,0.03875968992248062,0.07865168539325842,0.6319797274382881,0.5086519757280143
logistic_regression,逻辑回归,0.03875968992248062,0.08614232209737828,0.6296288066308638,0.5086519757280143
logistic_regression,逻辑回归,0.04263565891472868,0.08614232209737828,0.6295028121087805,0.5086519757280143
logistic_regression,逻辑回归,0.04263565891472868,0.09363295880149813,0.6266486638316213,0.5086519757280143
logistic_regression,逻辑回归,0.046511627906976744,0.09363295880149813,0.6263321902339835,0.5086519757280143
logistic_regression,逻辑回归,0.046511627906976744,0.09737827715355805,0.6248120501446975,0.5086519757280143
logistic_regression,逻辑回归,0.050387596899224806,0.09737827715355805,0.6238479792812636,0.5086519757280143
logistic_regression,逻辑回归,0.050387596899224806,0.10486891385767791,0.6230162906582541,0.5086519757280143
logistic_regression,逻辑回归,0.06201550387596899,0.10486891385767791,0.6204999544658268,0.5086519757280143
logistic_regression,逻辑回归,0.06201550387596899,0.11235955056179775,0.6163084584356986,0.5086519757280143
logistic_regression,逻辑回归,0.07751937984496124,0.11235955056179775,0.6112995297424788,0.5086519757280143
logistic_regression,逻辑回归,0.07751937984496124,0.12359550561797752,0.6101822613213163,0.5086519757280143
logistic_regression,逻辑回归,0.09302325581395349,0.12359550561797752,0.6090306175229275,0.5086519757280143
logistic_regression,逻辑回归,0.09302325581395349,0.1348314606741573,0.6021093224779632,0.5086519757280143
logistic_regression,逻辑回归,0.09689922480620156,0.1348314606741573,0.6013355350820485,0.5086519757280143
logistic_regression,逻辑回归,0.09689922480620156,0.13857677902621723,0.6005918415594522,0.5086519757280143
logistic_regression,逻辑回归,0.1124031007751938,0.13857677902621723,0.5979124925534133,0.5086519757280143
logistic_regression,逻辑回归,0.1124031007751938,0.14232209737827714,0.5976926706126009,0.5086519757280143
logistic_regression,逻辑回归,0.11627906976744186,0.14232209737827714,0.5970242287360839,0.5086519757280143
logistic_regression,逻辑回归,0.11627906976744186,0.15355805243445692,0.5957345614937044,0.5086519757280143
logistic_regression,逻辑回归,0.12015503875968993,0.15355805243445692,0.5950202543397115,0.5086519757280143
logistic_regression,逻辑回归,0.12015503875968993,0.16104868913857678,0.5945083972394282,0.5086519757280143
logistic_regression,逻辑回归,0.12403100775193798,0.16104868913857678,0.5943792116125634,0.5086519757280143
logistic_regression,逻辑回归,0.12403100775193798,0.1647940074906367,0.5942519074574382,0.5086519757280143
logistic_regression,逻辑回归,0.13178294573643412,0.1647940074906367,0.5939831071838702,0.5086519757280143
logistic_regression,逻辑回归,0.13178294573643412,0.16853932584269662,0.5939709751261546,0.5086519757280143
logistic_regression,逻辑回归,0.13565891472868216,0.16853932584269662,0.5937875090655569,0.5086519757280143
logistic_regression,逻辑回归,0.13565891472868216,0.17228464419475656,0.5932930903338153,0.5086519757280143
logistic_regression,逻辑回归,0.1511627906976744,0.17228464419475656,0.5893647786029321,0.5086519757280143
logistic_regression,逻辑回归,0.1511627906976744,0.1760299625468165,0.5886730304207158,0.5086519757280143
logistic_regression,逻辑回归,0.15891472868217055,0.1760299625468165,0.5883676472515863,0.5086519757280143
logistic_regression,逻辑回归,0.15891472868217055,0.1797752808988764,0.5880850667267975,0.5086519757280143
logistic_regression,逻辑回归,0.16666666666666666,0.1797752808988764,0.5878463330538012,0.5086519757280143
logistic_regression,逻辑回归,0.16666666666666666,0.19850187265917604,0.5858309650222526,0.5086519757280143
logistic_regression,逻辑回归,0.1821705426356589,0.19850187265917604,0.5846071798434951,0.5086519757280143
logistic_regression,逻辑回归,0.1821705426356589,0.20599250936329588,0.5833830012696289,0.5086519757280143
logistic_regression,逻辑回归,0.18992248062015504,0.20599250936329588,0.5822574323784376,0.5086519757280143
logistic_regression,逻辑回归,0.18992248062015504,0.20973782771535582,0.5817471925579238,0.5086519757280143
logistic_regression,逻辑回归,0.2054263565891473,0.20973782771535582,0.5799111891701425,0.5086519757280143
logistic_regression,逻辑回归,0.2054263565891473,0.21348314606741572,0.5795134786168658,0.5086519757280143
logistic_regression,逻辑回归,0.20930232558139536,0.21348314606741572,0.5787910229944646,0.5086519757280143
logistic_regression,逻辑回归,0.20930232558139536,0.22846441947565543,0.5777404816160399,0.5086519757280143
logistic_regression,逻辑回归,0.2131782945736434,0.22846441947565543,0.5772762427202199,0.5086519757280143
logistic_regression,逻辑回归,0.2131782945736434,0.23595505617977527,0.5754820150995149,0.5086519757280143
logistic_regression,逻辑回归,0.21705426356589147,0.23595505617977527,0.5750002681124702,0.5086519757280143
logistic_regression,逻辑回归,0.21705426356589147,0.2397003745318352,0.5740793076295903,0.5086519757280143
logistic_regression,逻辑回归,0.2364341085271318,0.2397003745318352,0.573390591458741,0.5086519757280143
logistic_regression,逻辑回归,0.2364341085271318,0.24344569288389514,0.5729039283536705,0.5086519757280143
logistic_regression,逻辑回归,0.24031007751937986,0.24344569288389514,0.5712442928863927,0.5086519757280143
logistic_regression,逻辑回归,0.24031007751937986,0.250936329588015,0.5699577541457956,0.5086519757280143
logistic_regression,逻辑回归,0.24806201550387597,0.250936329588015,0.5682032832763727,0.5086519757280143
logistic_regression,逻辑回归,0.24806201550387597,0.26591760299625467,0.5655584266638904,0.5086519757280143
logistic_regression,逻辑回归,0.25193798449612403,0.26591760299625467,0.5648466801816779,0.5086519757280143
logistic_regression,逻辑回归,0.25193798449612403,0.2696629213483146,0.563684260979931,0.5086519757280143
logistic_regression,逻辑回归,0.2558139534883721,0.2696629213483146,0.5636661442738213,0.5086519757280143
logistic_regression,逻辑回归,0.2558139534883721,0.27715355805243447,0.56204008948909,0.5086519757280143
logistic_regression,逻辑回归,0.26356589147286824,0.27715355805243447,0.5617324795200292,0.5086519757280143
logistic_regression,逻辑回归,0.26356589147286824,0.31086142322097376,0.556252260417331,0.5086519757280143
logistic_regression,逻辑回归,0.26744186046511625,0.31086142322097376,0.5558919643845321,0.5086519757280143
logistic_regression,逻辑回归,0.26744186046511625,0.31835205992509363,0.5555467724561777,0.5086519757280143
logistic_regression,逻辑回归,0.2713178294573643,0.31835205992509363,0.5550485512389052,0.5086519757280143
logistic_regression,逻辑回归,0.2713178294573643,0.32209737827715357,0.5541897543007669,0.5086519757280143
logistic_regression,逻辑回归,0.2751937984496124,0.32209737827715357,0.5534428664956724,0.5086519757280143
logistic_regression,逻辑回归,0.2751937984496124,0.3258426966292135,0.5515496456474461,0.5086519757280143
logistic_regression,逻辑回归,0.28294573643410853,0.3258426966292135,0.5509060657673889,0.5086519757280143
logistic_regression,逻辑回归,0.28294573643410853,0.3295880149812734,0.5507687522221505,0.5086519757280143
logistic_regression,逻辑回归,0.29069767441860467,0.3295880149812734,0.54849282130013,0.5086519757280143
logistic_regression,逻辑回归,0.29069767441860467,0.33707865168539325,0.5478577333992667,0.5086519757280143
logistic_regression,逻辑回归,0.29457364341085274,0.33707865168539325,0.5476383606708273,0.5086519757280143
logistic_regression,逻辑回归,0.29457364341085274,0.352059925093633,0.5460339378981234,0.5086519757280143
logistic_regression,逻辑回归,0.3023255813953488,0.352059925093633,0.54485466527022,0.5086519757280143
logistic_regression,逻辑回归,0.3023255813953488,0.35580524344569286,0.544785565427498,0.5086519757280143
logistic_regression,逻辑回归,0.313953488372093,0.35580524344569286,0.5445225822252336,0.5086519757280143
logistic_regression,逻辑回归,0.313953488372093,0.3595505617977528,0.5444724127329218,0.5086519757280143
logistic_regression,逻辑回归,0.3178294573643411,0.3595505617977528,0.5442187630885158,0.5086519757280143
logistic_regression,逻辑回归,0.3178294573643411,0.36704119850187267,0.5429088284879585,0.5086519757280143
logistic_regression,逻辑回归,0.32170542635658916,0.36704119850187267,0.542341504770394,0.5086519757280143
logistic_regression,逻辑回归,0.32170542635658916,0.37453183520599254,0.5418776069829623,0.5086519757280143
logistic_regression,逻辑回归,0.3372093023255814,0.37453183520599254,0.5383006557830224,0.5086519757280143
logistic_regression,逻辑回归,0.3372093023255814,0.3782771535580524,0.5379473174103137,0.5086519757280143
logistic_regression,逻辑回归,0.3449612403100775,0.3782771535580524,0.53714493440995,0.5086519757280143
logistic_regression,逻辑回归,0.3449612403100775,0.38202247191011235,0.5363313716168662,0.5086519757280143
logistic_regression,逻辑回归,0.35271317829457366,0.38202247191011235,0.536282005047234,0.5086519757280143
logistic_regression,逻辑回归,0.35271317829457366,0.3895131086142322,0.535468146156016,0.5086519757280143
logistic_regression,逻辑回归,0.35658914728682173,0.3895131086142322,0.5351661248097156,0.5086519757280143
logistic_regression,逻辑回归,0.35658914728682173,0.39325842696629215,0.5346579787479577,0.5086519757280143
logistic_regression,逻辑回归,0.3643410852713178,0.39325842696629215,0.5335316883470639,0.5086519757280143
logistic_regression,逻辑回归,0.3643410852713178,0.3970037453183521,0.5334565778583314,0.5086519757280143
logistic_regression,逻辑回归,0.3798449612403101,0.3970037453183521,0.5318151671590693,0.5086519757280143
logistic_regression,逻辑回归,0.3798449612403101,0.4044943820224719,0.5316203703098302,0.5086519757280143
logistic_regression,逻辑回归,0.3875968992248062,0.4044943820224719,0.5312228508525688,0.5086519757280143
logistic_regression,逻辑回归,0.3875968992248062,0.40823970037453183,0.5305700847350349,0.5086519757280143
logistic_regression,逻辑回归,0.39147286821705424,0.40823970037453183,0.5301337929062594,0.5086519757280143
logistic_regression,逻辑回归,0.39147286821705424,0.41947565543071164,0.5278024621275798,0.5086519757280143
logistic_regression,逻辑回归,0.3992248062015504,0.41947565543071164,0.5271353713482374,0.5086519757280143
logistic_regression,逻辑回归,0.3992248062015504,0.4232209737827715,0.5270008475176968,0.5086519757280143
logistic_regression,逻辑回归,0.41472868217054265,0.4232209737827715,0.5254918216680126,0.5086519757280143
logistic_regression,逻辑回归,0.41472868217054265,0.42696629213483145,0.5254459454665289,0.5086519757280143
logistic_regression,逻辑回归,0.42248062015503873,0.42696629213483145,0.5247893298462366,0.5086519757280143
logistic_regression,逻辑回归,0.42248062015503873,0.4307116104868914,0.5247226367358656,0.5086519757280143
logistic_regression,逻辑回归,0.44573643410852715,0.4307116104868914,0.5217747749695545,0.5086519757280143
logistic_regression,逻辑回归,0.44573643410852715,0.4419475655430712,0.5206531795277244,0.5086519757280143
logistic_regression,逻辑回归,0.4573643410852713,0.4419475655430712,0.5197945313998766,0.5086519757280143
logistic_regression,逻辑回归,0.4573643410852713,0.44569288389513106,0.5191108059439654,0.5086519757280143
logistic_regression,逻辑回归,0.46124031007751937,0.44569288389513106,0.5190191830484988,0.5086519757280143
logistic_regression,逻辑回归,0.46124031007751937,0.449438202247191,0.518643705648609,0.5086519757280143
logistic_regression,逻辑回归,0.46511627906976744,0.449438202247191,0.5179649372656769,0.5086519757280143
logistic_regression,逻辑回归,0.46511627906976744,0.45692883895131087,0.5176123486000205,0.5086519757280143
logistic_regression,逻辑回归,0.4689922480620155,0.45692883895131087,0.5175390097394498,0.5086519757280143
logistic_regression,逻辑回归,0.4689922480620155,0.46441947565543074,0.5173781662853166,0.5086519757280143
logistic_regression,逻辑回归,0.4844961240310077,0.46441947565543074,0.5169572738277312,0.5086519757280143
logistic_regression,逻辑回归,0.4844961240310077,0.4681647940074906,0.5169027318601035,0.5086519757280143
logistic_regression,逻辑回归,0.5,0.4681647940074906,0.51609836669785,0.5086519757280143
logistic_regression,逻辑回归,0.5,0.49063670411985016,0.514005202901295,0.5086519757280143
logistic_regression,逻辑回归,0.5077519379844961,0.49063670411985016,0.5139598115416598,0.5086519757280143
logistic_regression,逻辑回归,0.5077519379844961,0.4943820224719101,0.5133040922372226,0.5086519757280143
logistic_regression,逻辑回归,0.5116279069767442,0.4943820224719101,0.5132794378468093,0.5086519757280143
logistic_regression,逻辑回归,0.5116279069767442,0.49812734082397003,0.512880842968641,0.5086519757280143
logistic_regression,逻辑回归,0.5271317829457365,0.49812734082397003,0.5106940375180766,0.5086519757280143
logistic_regression,逻辑回归,0.5271317829457365,0.5131086142322098,0.5101028721769142,0.5086519757280143
logistic_regression,逻辑回归,0.5310077519379846,0.5131086142322098,0.5090451797735892,0.5086519757280143
logistic_regression,逻辑回归,0.5310077519379846,0.5243445692883895,0.5082301552048325,0.5086519757280143
logistic_regression,逻辑回归,0.5348837209302325,0.5243445692883895,0.5078074304948689,0.5086519757280143
logistic_regression,逻辑回归,0.5348837209302325,0.5318352059925093,0.5074485497372063,0.5086519757280143
logistic_regression,逻辑回归,0.5387596899224806,0.5318352059925093,0.5074075930654747,0.5086519757280143
logistic_regression,逻辑回归,0.5387596899224806,0.5355805243445693,0.5063987540849557,0.5086519757280143
logistic_regression,逻辑回归,0.5465116279069767,0.5355805243445693,0.5059749980036661,0.5086519757280143
logistic_regression,逻辑回归,0.5465116279069767,0.550561797752809,0.5052056066553281,0.5086519757280143
logistic_regression,逻辑回归,0.5503875968992248,0.550561797752809,0.5051049486145676,0.5086519757280143
logistic_regression,逻辑回归,0.5503875968992248,0.5617977528089888,0.5038675210981022,0.5086519757280143
logistic_regression,逻辑回归,0.5542635658914729,0.5617977528089888,0.5034932468302015,0.5086519757280143
logistic_regression,逻辑回归,0.5542635658914729,0.5655430711610487,0.5033859491562097,0.5086519757280143
logistic_regression,逻辑回归,0.5581395348837209,0.5655430711610487,0.5032220500294633,0.5086519757280143
logistic_regression,逻辑回归,0.5581395348837209,0.5730337078651685,0.5020837966297977,0.5086519757280143
logistic_regression,逻辑回归,0.562015503875969,0.5730337078651685,0.5018580380186781,0.5086519757280143
logistic_regression,逻辑回归,0.562015503875969,0.5842696629213483,0.5006624631234913,0.5086519757280143
logistic_regression,逻辑回归,0.5775193798449613,0.5842696629213483,0.49691536093808275,0.5086519757280143
logistic_regression,逻辑回归,0.5775193798449613,0.5880149812734082,0.496754587789602,0.5086519757280143
logistic_regression,逻辑回归,0.5813953488372093,0.5880149812734082,0.4967028255302732,0.5086519757280143
logistic_regression,逻辑回归,0.5813953488372093,0.5955056179775281,0.49599854726371634,0.5086519757280143
logistic_regression,逻辑回归,0.5852713178294574,0.5955056179775281,0.49573109699495604,0.5086519757280143
logistic_regression,逻辑回归,0.5852713178294574,0.599250936329588,0.4953430919874572,0.5086519757280143
logistic_regression,逻辑回归,0.5891472868217055,0.599250936329588,0.4949832888742741,0.5086519757280143
logistic_regression,逻辑回归,0.5891472868217055,0.6067415730337079,0.49485325941619956,0.5086519757280143
logistic_regression,逻辑回归,0.6046511627906976,0.6067415730337079,0.4915091244657441,0.5086519757280143
logistic_regression,逻辑回归,0.6046511627906976,0.6104868913857678,0.4912804765235914,0.5086519757280143
logistic_regression,逻辑回归,0.6085271317829457,0.6104868913857678,0.4910441217360288,0.5086519757280143
logistic_regression,逻辑回归,0.6085271317829457,0.6217228464419475,0.490074180303717,0.5086519757280143
logistic_regression,逻辑回归,0.6124031007751938,0.6217228464419475,0.48993645492849863,0.5086519757280143
logistic_regression,逻辑回归,0.6124031007751938,0.6254681647940075,0.48917942927981334,0.5086519757280143
logistic_regression,逻辑回归,0.6162790697674418,0.6254681647940075,0.48893747622830885,0.5086519757280143
logistic_regression,逻辑回归,0.6162790697674418,0.6367041198501873,0.4884839407997763,0.5086519757280143
logistic_regression,逻辑回归,0.6201550387596899,0.6367041198501873,0.4884139168157568,0.5086519757280143
logistic_regression,逻辑回归,0.6201550387596899,0.6479400749063671,0.4877889079188155,0.5086519757280143
logistic_regression,逻辑回归,0.6434108527131783,0.6479400749063671,0.4869052488446076,0.5086519757280143
logistic_regression,逻辑回归,0.6434108527131783,0.651685393258427,0.4868114593178235,0.5086519757280143
logistic_regression,逻辑回归,0.6472868217054264,0.651685393258427,0.4863289659808601,0.5086519757280143
logistic_regression,逻辑回归,0.6472868217054264,0.6554307116104869,0.48575710779127623,0.5086519757280143
logistic_regression,逻辑回归,0.6511627906976745,0.6554307116104869,0.4854839796355534,0.5086519757280143
logistic_regression,逻辑回归,0.6511627906976745,0.6666666666666666,0.4842978856087149,0.5086519757280143
logistic_regression,逻辑回归,0.6550387596899225,0.6666666666666666,0.4839792002385557,0.5086519757280143
logistic_regression,逻辑回归,0.6550387596899225,0.6741573033707865,0.48284727680064776,0.5086519757280143
logistic_regression,逻辑回归,0.6589147286821705,0.6741573033707865,0.4826352496009991,0.5086519757280143
logistic_regression,逻辑回归,0.6589147286821705,0.6779026217228464,0.4819290934377388,0.5086519757280143
logistic_regression,逻辑回归,0.6627906976744186,0.6779026217228464,0.4815670362967202,0.5086519757280143
logistic_regression,逻辑回归,0.6627906976744186,0.6816479400749064,0.4814652994285579,0.5086519757280143
logistic_regression,逻辑回归,0.686046511627907,0.6816479400749064,0.47952677008112815,0.5086519757280143
logistic_regression,逻辑回归,0.686046511627907,0.6853932584269663,0.47948348086978326,0.5086519757280143
logistic_regression,逻辑回归,0.6937984496124031,0.6853932584269663,0.47812471015926183,0.5086519757280143
logistic_regression,逻辑回归,0.6937984496124031,0.6891385767790262,0.47773622158549234,0.5086519757280143
logistic_regression,逻辑回归,0.6976744186046512,0.6891385767790262,0.4775166652945979,0.5086519757280143
logistic_regression,逻辑回归,0.6976744186046512,0.6928838951310862,0.4774760505295259,0.5086519757280143
logistic_regression,逻辑回归,0.7015503875968992,0.6928838951310862,0.4770268224824558,0.5086519757280143
logistic_regression,逻辑回归,0.7015503875968992,0.704119850187266,0.4760323582027302,0.5086519757280143
logistic_regression,逻辑回归,0.7093023255813954,0.704119850187266,0.47476034498897407,0.5086519757280143
logistic_regression,逻辑回归,0.7093023255813954,0.7078651685393258,0.4739925737152141,0.5086519757280143
logistic_regression,逻辑回归,0.7286821705426356,0.7078651685393258,0.4712012613083812,0.5086519757280143
logistic_regression,逻辑回归,0.7286821705426356,0.7153558052434457,0.4706809761864321,0.5086519757280143
logistic_regression,逻辑回归,0.7325581395348837,0.7153558052434457,0.47000174872292966,0.5086519757280143
logistic_regression,逻辑回归,0.7325581395348837,0.7191011235955056,0.4696712478394174,0.5086519757280143
logistic_regression,逻辑回归,0.748062015503876,0.7191011235955056,0.4687601014340667,0.5086519757280143
logistic_regression,逻辑回归,0.748062015503876,0.7303370786516854,0.46808889089739314,0.5086519757280143
logistic_regression,逻辑回归,0.7635658914728682,0.7303370786516854,0.466889138327477,0.5086519757280143
logistic_regression,逻辑回归,0.7635658914728682,0.7340823970037453,0.46656292844361263,0.5086519757280143
logistic_regression,逻辑回归,0.7674418604651163,0.7340823970037453,0.4644841439268598,0.5086519757280143
logistic_regression,逻辑回归,0.7674418604651163,0.7415730337078652,0.464266503059457,0.5086519757280143
logistic_regression,逻辑回归,0.7713178294573644,0.7415730337078652,0.4641933895000278,0.5086519757280143
logistic_regression,逻辑回归,0.7713178294573644,0.7453183520599251,0.4636726064181733,0.5086519757280143
logistic_regression,逻辑回归,0.7751937984496124,0.7453183520599251,0.4636475624867411,0.5086519757280143
logistic_regression,逻辑回归,0.7751937984496124,0.7490636704119851,0.46344104750723364,0.5086519757280143
logistic_regression,逻辑回归,0.7790697674418605,0.7490636704119851,0.46283524261962294,0.5086519757280143
logistic_regression,逻辑回归,0.7790697674418605,0.7602996254681648,0.46050165736172055,0.5086519757280143
logistic_regression,逻辑回归,0.7829457364341085,0.7602996254681648,0.45999523530808517,0.5086519757280143
logistic_regression,逻辑回归,0.7829457364341085,0.7640449438202247,0.45989091861454207,0.5086519757280143
logistic_regression,逻辑回归,0.7906976744186046,0.7640449438202247,0.4584857709905412,0.5086519757280143
logistic_regression,逻辑回归,0.7906976744186046,0.7790262172284644,0.45676710922815195,0.5086519757280143
logistic_regression,逻辑回归,0.8062015503875969,0.7790262172284644,0.4562195777442433,0.5086519757280143
logistic_regression,逻辑回归,0.8062015503875969,0.7865168539325843,0.45606205764733154,0.5086519757280143
logistic_regression,逻辑回归,0.810077519379845,0.7865168539325843,0.45475502928086836,0.5086519757280143
logistic_regression,逻辑回归,0.810077519379845,0.7902621722846442,0.45378088615392814,0.5086519757280143
logistic_regression,逻辑回归,0.8178294573643411,0.7902621722846442,0.45209641858865934,0.5086519757280143
logistic_regression,逻辑回归,0.8178294573643411,0.8014981273408239,0.44951522188048576,0.5086519757280143
logistic_regression,逻辑回归,0.8217054263565892,0.8014981273408239,0.4494336589495103,0.5086519757280143
logistic_regression,逻辑回归,0.8217054263565892,0.8089887640449438,0.44647395924012795,0.5086519757280143
logistic_regression,逻辑回归,0.8255813953488372,0.8089887640449438,0.44574767604727306,0.5086519757280143
logistic_regression,逻辑回归,0.8255813953488372,0.8164794007490637,0.4444934720483801,0.5086519757280143
logistic_regression,逻辑回归,0.8294573643410853,0.8164794007490637,0.44382966740592505,0.5086519757280143
logistic_regression,逻辑回归,0.8294573643410853,0.8202247191011236,0.44359709515568346,0.5086519757280143
logistic_regression,逻辑回归,0.8333333333333334,0.8202247191011236,0.443371163454125,0.5086519757280143
logistic_regression,逻辑回归,0.8333333333333334,0.8239700374531835,0.44308736512827696,0.5086519757280143
logistic_regression,逻辑回归,0.8410852713178295,0.8239700374531835,0.44163629273822774,0.5086519757280143
logistic_regression,逻辑回归,0.8410852713178295,0.8389513108614233,0.44019337521725954,0.5086519757280143
logistic_regression,逻辑回归,0.8449612403100775,0.8389513108614233,0.43864472836784424,0.5086519757280143
logistic_regression,逻辑回归,0.8449612403100775,0.8426966292134831,0.43853658088482095,0.5086519757280143
logistic_regression,逻辑回归,0.8527131782945736,0.8426966292134831,0.4374641289610757,0.5086519757280143
logistic_regression,逻辑回归,0.8527131782945736,0.850187265917603,0.43687605972056404,0.5086519757280143
logistic_regression,逻辑回归,0.8643410852713178,0.850187265917603,0.43218122394983133,0.5086519757280143
logistic_regression,逻辑回归,0.8643410852713178,0.8539325842696629,0.4314753068598048,0.5086519757280143
logistic_regression,逻辑回归,0.872093023255814,0.8539325842696629,0.4312422591319941,0.5086519757280143
logistic_regression,逻辑回归,0.872093023255814,0.8614232209737828,0.4310028966715799,0.5086519757280143
logistic_regression,逻辑回归,0.8798449612403101,0.8614232209737828,0.42983407832190923,0.5086519757280143
logistic_regression,逻辑回归,0.8798449612403101,0.8689138576779026,0.4293087792242291,0.5086519757280143
logistic_regression,逻辑回归,0.8837209302325582,0.8689138576779026,0.4290000615145332,0.5086519757280143
logistic_regression,逻辑回归,0.8837209302325582,0.8726591760299626,0.42690004737501425,0.5086519757280143
logistic_regression,逻辑回归,0.8875968992248062,0.8726591760299626,0.42652727467114426,0.5086519757280143
logistic_regression,逻辑回归,0.8875968992248062,0.8764044943820225,0.4261569225879038,0.5086519757280143
logistic_regression,逻辑回归,0.8914728682170543,0.8764044943820225,0.4255648132459854,0.5086519757280143
logistic_regression,逻辑回归,0.8914728682170543,0.8801498127340824,0.4245399822370402,0.5086519757280143
logistic_regression,逻辑回归,0.8953488372093024,0.8801498127340824,0.4242487419180687,0.5086519757280143
logistic_regression,逻辑回归,0.8953488372093024,0.8876404494382022,0.42275958947546755,0.5086519757280143
logistic_regression,逻辑回归,0.8992248062015504,0.8876404494382022,0.4222466014880787,0.5086519757280143
logistic_regression,逻辑回归,0.8992248062015504,0.9026217228464419,0.4195065631618167,0.5086519757280143
logistic_regression,逻辑回归,0.9263565891472868,0.9026217228464419,0.41384044422916116,0.5086519757280143
logistic_regression,逻辑回归,0.9263565891472868,0.9138576779026217,0.4110507873768673,0.5086519757280143
logistic_regression,逻辑回归,0.9302325581395349,0.9138576779026217,0.4082027892175083,0.5086519757280143
logistic_regression,逻辑回归,0.9302325581395349,0.9213483146067416,0.4025141388446427,0.5086519757280143
logistic_regression,逻辑回归,0.9341085271317829,0.9213483146067416,0.4024118467879638,0.5086519757280143
logistic_regression,逻辑回归,0.9341085271317829,0.9325842696629213,0.3981229133990582,0.5086519757280143
logistic_regression,逻辑回归,0.9418604651162791,0.9325842696629213,0.39690984562026216,0.5086519757280143
logistic_regression,逻辑回归,0.9418604651162791,0.9363295880149812,0.39662945508932423,0.5086519757280143
logistic_regression,逻辑回归,0.9457364341085271,0.9363295880149812,0.39659268206451576,0.5086519757280143
logistic_regression,逻辑回归,0.9457364341085271,0.9438202247191011,0.39143734479692627,0.5086519757280143
logistic_regression,逻辑回归,0.9534883720930233,0.9438202247191011,0.38974495743892185,0.5086519757280143
logistic_regression,逻辑回归,0.9534883720930233,0.951310861423221,0.38462229843244916,0.5086519757280143
logistic_regression,逻辑回归,0.9612403100775194,0.951310861423221,0.38286597207358375,0.5086519757280143
logistic_regression,逻辑回归,0.9612403100775194,0.9625468164794008,0.3807435264103009,0.5086519757280143
logistic_regression,逻辑回归,0.9651162790697675,0.9625468164794008,0.3768499850226168,0.5086519757280143
logistic_regression,逻辑回归,0.9651162790697675,0.9662921348314607,0.37620397342431483,0.5086519757280143
logistic_regression,逻辑回归,0.9689922480620154,0.9662921348314607,0.37251757153738296,0.5086519757280143
logistic_regression,逻辑回归,0.9689922480620154,0.9737827715355806,0.3664897629424029,0.5086519757280143
logistic_regression,逻辑回归,0.9728682170542635,0.9737827715355806,0.36558713006587096,0.5086519757280143
logistic_regression,逻辑回归,0.9728682170542635,0.9775280898876404,0.3652348268909576,0.5086519757280143
logistic_regression,逻辑回归,0.9767441860465116,0.9775280898876404,0.3636242586716547,0.5086519757280143
logistic_regression,逻辑回归,0.9767441860465116,0.9850187265917603,0.35735518911838837,0.5086519757280143
logistic_regression,逻辑回归,0.9961240310077519,0.9850187265917603,0.3446303742893437,0.5086519757280143
logistic_regression,逻辑回归,0.9961240310077519,0.9925093632958801,0.33722450493538264,0.5086519757280143
logistic_regression,逻辑回归,1.0,0.9925093632958801,0.33295033927139756,0.5086519757280143
logistic_regression,逻辑回归,1.0,1.0,0.3123671479446385,0.5086519757280143
decision_tree,决策树,0.0,0.0,1.6762452107279695,0.47714339633597536
decision_tree,决策树,0.10852713178294573,0.0898876404494382,0.6762452107279694,0.47714339633597536
decision_tree,决策树,0.3372093023255814,0.2808988764044944,0.5817307692307693,0.47714339633597536
decision_tree,决策树,0.5852713178294574,0.5767790262172284,0.5288461538461539,0.47714339633597536
decision_tree,决策树,0.6705426356589147,0.6741573033707865,0.4987012987012987,0.47714339633597536
decision_tree,决策树,0.813953488372093,0.797752808988764,0.4318936877076412,0.47714339633597536
decision_tree,决策树,0.9418604651162791,0.9026217228464419,0.391812865497076,0.47714339633597536
decision_tree,决策树,0.9728682170542635,0.9737827715355806,0.34831460674157305,0.47714339633597536
decision_tree,决策树,1.0,1.0,0.2087912087912088,0.47714339633597536
random_forest,随机森林,0.0,0.0,1.668122524282384,0.532764277211625
random_forest,随机森林,0.0,0.003745318352059925,0.6681225242823841,0.532764277211625
random_forest,随机森林,0.0,0.0149812734082397,0.6430794211880746,0.532764277211625
random_forest,随机森林,0.007751937984496124,0.0149812734082397,0.6418532632063468,0.532764277211625
random_forest,随机森林,0.007751937984496124,0.052434456928838954,0.6212484920601881,0.532764277211625
random_forest,随机森林,0.011627906976744186,0.052434456928838954,0.6206792842812632,0.532764277211625
random_forest,随机森林,0.011627906976744186,0.0599250936329588,0.6194688081812636,0.532764277211625
random_forest,随机森林,0.01937984496124031,0.0599250936329588,0.616954154349552,0.532764277211625
random_forest,随机森林,0.01937984496124031,0.08239700374531835,0.6136641012423518,0.532764277211625
random_forest,随机森林,0.03488372093023256,0.08239700374531835,0.6113828840811351,0.532764277211625
random_forest,随机森林,0.03488372093023256,0.08614232209737828,0.6096444769585608,0.532764277211625
random_forest,随机森林,0.03875968992248062,0.08614232209737828,0.6087780110790482,0.532764277211625
random_forest,随机森林,0.03875968992248062,0.0898876404494382,0.6082586618081186,0.532764277211625
random_forest,随机森林,0.05813953488372093,0.0898876404494382,0.6029074188376335,0.532764277211625
random_forest,随机森林,0.05813953488372093,0.09363295880149813,0.6011610156033094,0.532764277211625
random_forest,随机森林,0.06589147286821706,0.09363295880149813,0.5992786077949311,0.532764277211625
random_forest,随机森林,0.06589147286821706,0.09737827715355805,0.5992221874840479,0.532764277211625
random_forest,随机森林,0.06976744186046512,0.09737827715355805,0.5985961055162884,0.532764277211625
random_forest,随机森林,0.06976744186046512,0.11235955056179775,0.5955839947263195,0.532764277211625
random_forest,随机森林,0.07364341085271318,0.11235955056179775,0.595470475720742,0.532764277211625
random_forest,随机森林,0.07364341085271318,0.11610486891385768,0.5950511313222916,0.532764277211625
random_forest,随机森林,0.08139534883720931,0.11610486891385768,0.5930234513312206,0.532764277211625
random_forest,随机森林,0.08139534883720931,0.1198501872659176,0.5915309345286219,0.532764277211625
random_forest,随机森林,0.08527131782945736,0.1198501872659176,0.5904184702727615,0.532764277211625
random_forest,随机森林,0.08527131782945736,0.13108614232209737,0.5874539549026357,0.532764277211625
random_forest,随机森林,0.10465116279069768,0.13108614232209737,0.5845793423708497,0.532764277211625
random_forest,随机森林,0.10465116279069768,0.1348314606741573,0.5843595304069347,0.532764277211625
random_forest,随机森林,0.10852713178294573,0.1348314606741573,0.5835231884927349,0.532764277211625
random_forest,随机森林,0.10852713178294573,0.13857677902621723,0.5831277320246904,0.532764277211625
random_forest,随机森林,0.1124031007751938,0.13857677902621723,0.5828334287997149,0.532764277211625
random_forest,随机森林,0.1124031007751938,0.149812734082397,0.5820649456295187,0.532764277211625
random_forest,随机森林,0.12790697674418605,0.149812734082397,0.579170779413399,0.532764277211625
random_forest,随机森林,0.12790697674418605,0.1647940074906367,0.5764817937813552,0.532764277211625
random_forest,随机森林,0.13953488372093023,0.1647940074906367,0.5762640694332717,0.532764277211625
random_forest,随机森林,0.13953488372093023,0.16853932584269662,0.5758526396465835,0.532764277211625
random_forest,随机森林,0.16666666666666666,0.16853932584269662,0.5725209859175218,0.532764277211625
random_forest,随机森林,0.16666666666666666,0.1760299625468165,0.5715559186524074,0.532764277211625
random_forest,随机森林,0.17054263565891473,0.1760299625468165,0.5706043615457942,0.532764277211625
random_forest,随机森林,0.17054263565891473,0.1797752808988764,0.5705340260491978,0.532764277211625
random_forest,随机森林,0.1744186046511628,0.1797752808988764,0.5695447143397834,0.532764277211625
random_forest,随机森林,0.1744186046511628,0.18726591760299627,0.5681523331628832,0.532764277211625
random_forest,随机森林,0.18604651162790697,0.18726591760299627,0.5661568819505444,0.532764277211625
random_forest,随机森林,0.18604651162790697,0.19850187265917604,0.5649738293610242,0.532764277211625
random_forest,随机森林,0.1937984496124031,0.19850187265917604,0.5641465698707264,0.532764277211625
random_forest,随机森林,0.1937984496124031,0.20599250936329588,0.5635023186633101,0.532764277211625
random_forest,随机森林,0.19767441860465115,0.20599250936329588,0.5632710989423824,0.532764277211625
random_forest,随机森林,0.19767441860465115,0.20973782771535582,0.5620841789274816,0.532764277211625
random_forest,随机森林,0.2131782945736434,0.20973782771535582,0.5586722338775667,0.532764277211625
random_forest,随机森林,0.2131782945736434,0.21348314606741572,0.5576380556662133,0.532764277211625
random_forest,随机森林,0.22093023255813954,0.21348314606741572,0.5569701160347695,0.532764277211625
random_forest,随机森林,0.22093023255813954,0.21722846441947566,0.5565483544655971,0.532764277211625
random_forest,随机森林,0.22868217054263565,0.21722846441947566,0.5559955069995569,0.532764277211625
random_forest,随机森林,0.22868217054263565,0.22846441947565543,0.5553581333999245,0.532764277211625
random_forest,随机森林,0.2364341085271318,0.22846441947565543,0.5545788527092096,0.532764277211625
random_forest,随机森林,0.2364341085271318,0.23595505617977527,0.5539748350630576,0.532764277211625
random_forest,随机森林,0.24031007751937986,0.23595505617977527,0.552232331568243,0.532764277211625
random_forest,随机森林,0.24031007751937986,0.2546816479400749,0.5492430741788463,0.532764277211625
random_forest,随机森林,0.25193798449612403,0.2546816479400749,0.5483084252450527,0.532764277211625
random_forest,随机森林,0.25193798449612403,0.2696629213483146,0.5450418097232169,0.532764277211625
random_forest,随机森林,0.2558139534883721,0.2696629213483146,0.5444277634721948,0.532764277211625
random_forest,随机森林,0.2558139534883721,0.2846441947565543,0.5438875578201617,0.532764277211625
random_forest,随机森林,0.26744186046511625,0.2846441947565543,0.5426310066302451,0.532764277211625
random_forest,随机森林,0.26744186046511625,0.2958801498127341,0.5424331882810377,0.532764277211625
random_forest,随机森林,0.29457364341085274,0.2958801498127341,0.5387159237586069,0.532764277211625
random_forest,随机森林,0.29457364341085274,0.299625468164794,0.5386978353016538,0.532764277211625
random_forest,随机森林,0.29844961240310075,0.299625468164794,0.5379599825815949,0.532764277211625
random_forest,随机森林,0.29844961240310075,0.30711610486891383,0.5366861345003384,0.532764277211625
random_forest,随机森林,0.3062015503875969,0.30711610486891383,0.5358562155660767,0.532764277211625
random_forest,随机森林,0.3062015503875969,0.32209737827715357,0.5334152150743744,0.532764277211625
random_forest,随机森林,0.3178294573643411,0.32209737827715357,0.532179287555998,0.532764277211625
random_forest,随机森林,0.3178294573643411,0.3258426966292135,0.5321686760949174,0.532764277211625
random_forest,随机森林,0.32170542635658916,0.3258426966292135,0.5320990568025593,0.532764277211625
random_forest,随机森林,0.32170542635658916,0.3295880149812734,0.5320619878759778,0.532764277211625
random_forest,随机森林,0.32945736434108525,0.3295880149812734,0.5309398144193374,0.532764277211625
random_forest,随机森林,0.32945736434108525,0.33707865168539325,0.5289598880586709,0.532764277211625
random_forest,随机森林,0.34108527131782945,0.33707865168539325,0.5279194557573401,0.532764277211625
random_forest,随机森林,0.34108527131782945,0.34831460674157305,0.5267677661157593,0.532764277211625
random_forest,随机森林,0.3449612403100775,0.34831460674157305,0.5258980316245546,0.532764277211625
random_forest,随机森林,0.3449612403100775,0.35580524344569286,0.5253327620484645,0.532764277211625
random_forest,随机森林,0.36046511627906974,0.35580524344569286,0.5228470103650291,0.532764277211625
random_forest,随机森林,0.36046511627906974,0.3595505617977528,0.5222718344657292,0.532764277211625
random_forest,随机森林,0.3643410852713178,0.3595505617977528,0.5220374215206067,0.532764277211625
random_forest,随机森林,0.3643410852713178,0.3895131086142322,0.5151744344660927,0.532764277211625
random_forest,随机森林,0.3682170542635659,0.3895131086142322,0.5145271761439763,0.532764277211625
random_forest,随机森林,0.3682170542635659,0.3970037453183521,0.5135750329555517,0.532764277211625
random_forest,随机森林,0.375968992248062,0.3970037453183521,0.5127348936307456,0.532764277211625
random_forest,随机森林,0.375968992248062,0.4157303370786517,0.5111224156682684,0.532764277211625
random_forest,随机森林,0.3798449612403101,0.4157303370786517,0.5108562774425647,0.532764277211625
random_forest,随机森林,0.3798449612403101,0.4232209737827715,0.5095143087221319,0.532764277211625
random_forest,随机森林,0.3875968992248062,0.4232209737827715,0.509034181950365,0.532764277211625
random_forest,随机森林,0.3875968992248062,0.42696629213483145,0.5087699777579506,0.532764277211625
random_forest,随机森林,0.3953488372093023,0.42696629213483145,0.5085135286728582,0.532764277211625
random_forest,随机森林,0.3953488372093023,0.4307116104868914,0.5072683842045903,0.532764277211625
random_forest,随机森林,0.4108527131782946,0.4307116104868914,0.5062317682656917,0.532764277211625
random_forest,随机森林,0.4108527131782946,0.4419475655430712,0.504357098746253,0.532764277211625
random_forest,随机森林,0.42248062015503873,0.4419475655430712,0.5039589447194772,0.532764277211625
random_forest,随机森林,0.42248062015503873,0.44569288389513106,0.5038372288110223,0.532764277211625
random_forest,随机森林,0.4263565891472868,0.44569288389513106,0.5030673825548105,0.532764277211625
random_forest,随机森林,0.4263565891472868,0.449438202247191,0.5030466889117585,0.532764277211625
random_forest,随机森林,0.4418604651162791,0.449438202247191,0.5020968014591941,0.532764277211625
random_forest,随机森林,0.4418604651162791,0.45318352059925093,0.5020591899147011,0.532764277211625
random_forest,随机森林,0.44573643410852715,0.45318352059925093,0.5018221506897121,0.532764277211625
random_forest,随机森林,0.44573643410852715,0.45692883895131087,0.5017847328831657,0.532764277211625
random_forest,随机森林,0.45348837209302323,0.45692883895131087,0.501285661524608,0.532764277211625
random_forest,随机森林,0.45348837209302323,0.46441947565543074,0.5008708433290723,0.532764277211625
random_forest,随机森林,0.4573643410852713,0.46441947565543074,0.5007199933129075,0.532764277211625
random_forest,随机森林,0.4573643410852713,0.47191011235955055,0.5004847739139828,0.532764277211625
random_forest,随机森林,0.46511627906976744,0.47191011235955055,0.5001942537717453,0.532764277211625
random_forest,随机森林,0.46511627906976744,0.49063670411985016,0.4978358743075308,0.532764277211625
random_forest,随机森林,0.4689922480620155,0.49063670411985016,0.49779388650700496,0.532764277211625
random_forest,随机森林,0.4689922480620155,0.50187265917603,0.49697634113910133,0.532764277211625
random_forest,随机森林,0.47674418604651164,0.50187265917603,0.4965655552065858,0.532764277211625
random_forest,随机森林,0.47674418604651164,0.5056179775280899,0.4965070114432736,0.532764277211625
random_forest,随机森林,0.4806201550387597,0.5056179775280899,0.4958809524172911,0.532764277211625
random_forest,随机森林,0.4806201550387597,0.5280898876404494,0.4945986705207436,0.532764277211625
random_forest,随机森林,0.4844961240310077,0.5280898876404494,0.4945723067554155,0.532764277211625
random_forest,随机森林,0.4844961240310077,0.5355805243445693,0.4941710263690971,0.532764277211625
random_forest,随机森林,0.4883720930232558,0.5355805243445693,0.4941304668947377,0.532764277211625
random_forest,随机森林,0.4883720930232558,0.5543071161048689,0.49334649327974744,0.532764277211625
random_forest,随机森林,0.49612403100775193,0.5543071161048689,0.49298798163560353,0.532764277211625
random_forest,随机森林,0.49612403100775193,0.5580524344569289,0.49288354346091334,0.532764277211625
random_forest,随机森林,0.5,0.5580524344569289,0.49271835928851104,0.532764277211625
random_forest,随机森林,0.5,0.5730337078651685,0.4918833311395051,0.532764277211625
random_forest,随机森林,0.5116279069767442,0.5730337078651685,0.49177083708220826,0.532764277211625
random_forest,随机森林,0.5116279069767442,0.5805243445692884,0.4912954791827091,0.532764277211625
random_forest,随机森林,0.5155038759689923,0.5805243445692884,0.4912884155160501,0.532764277211625
random_forest,随机森林,0.5155038759689923,0.5842696629213483,0.4906686095024011,0.532764277211625
random_forest,随机森林,0.5348837209302325,0.5842696629213483,0.488995263757104,0.532764277211625
random_forest,随机森林,0.5348837209302325,0.5917602996254682,0.48803273820759324,0.532764277211625
random_forest,随机森林,0.5387596899224806,0.5917602996254682,0.4879627918000621,0.532764277211625
random_forest,随机森林,0.5387596899224806,0.5955056179775281,0.4878739932361165,0.532764277211625
random_forest,随机森林,0.5426356589147286,0.5955056179775281,0.4873805771795838,0.532764277211625
random_forest,随机森林,0.5426356589147286,0.6142322097378277,0.48634524213740676,0.532764277211625
random_forest,随机森林,0.5503875968992248,0.6142322097378277,0.4857562890861192,0.532764277211625
random_forest,随机森林,0.5503875968992248,0.6179775280898876,0.48557543528118763,0.532764277211625
random_forest,随机森林,0.5542635658914729,0.6179775280898876,0.48532776085571505,0.532764277211625
random_forest,随机森林,0.5542635658914729,0.6254681647940075,0.48419679091384565,0.532764277211625
random_forest,随机森林,0.5581395348837209,0.6254681647940075,0.48407282265467655,0.532764277211625
random_forest,随机森林,0.5581395348837209,0.6329588014981273,0.48321688136857643,0.532764277211625
random_forest,随机森林,0.562015503875969,0.6329588014981273,0.48276655122415557,0.532764277211625
random_forest,随机森林,0.562015503875969,0.6404494382022472,0.4807383392971245,0.532764277211625
random_forest,随机森林,0.5697674418604651,0.6404494382022472,0.48009499330218547,0.532764277211625
random_forest,随机森林,0.5697674418604651,0.6441947565543071,0.48000241127417403,0.532764277211625
random_forest,随机森林,0.5775193798449613,0.6441947565543071,0.47985971845564224,0.532764277211625
random_forest,随机森林,0.5775193798449613,0.651685393258427,0.478847012625417,0.532764277211625
random_forest,随机森林,0.5813953488372093,0.651685393258427,0.47882838169552633,0.532764277211625
random_forest,随机森林,0.5813953488372093,0.6591760299625468,0.4778644248700165,0.532764277211625
random_forest,随机森林,0.5930232558139535,0.6591760299625468,0.47682204446203513,0.532764277211625
random_forest,随机森林,0.5930232558139535,0.6666666666666666,0.47644968349109135,0.532764277211625
random_forest,随机森林,0.6007751937984496,0.6666666666666666,0.47619589394048734,0.532764277211625
random_forest,随机森林,0.6007751937984496,0.6704119850187266,0.47560834659929424,0.532764277211625
random_forest,随机森林,0.6085271317829457,0.6704119850187266,0.4754604357586059,0.532764277211625
random_forest,随机森林,0.6085271317829457,0.6741573033707865,0.4753959682166562,0.532764277211625
random_forest,随机森林,0.6124031007751938,0.6741573033707865,0.4752803611571106,0.532764277211625
random_forest,随机森林,0.6124031007751938,0.6779026217228464,0.47511495543592147,0.532764277211625
random_forest,随机森林,0.6162790697674418,0.6779026217228464,0.47510975181300863,0.532764277211625
random_forest,随机森林,0.6162790697674418,0.6853932584269663,0.4747102102366489,0.532764277211625
random_forest,随机森林,0.624031007751938,0.6853932584269663,0.4744280322381108,0.532764277211625
random_forest,随机森林,0.624031007751938,0.6966292134831461,0.4735093307363076,0.532764277211625
random_forest,随机森林,0.627906976744186,0.6966292134831461,0.4734933428437618,0.532764277211625
random_forest,随机森林,0.627906976744186,0.7078651685393258,0.47243558042132555,0.532764277211625
random_forest,随机森林,0.6317829457364341,0.7078651685393258,0.47165676337298806,0.532764277211625
random_forest,随机森林,0.6317829457364341,0.7116104868913857,0.4713307724750483,0.532764277211625
random_forest,随机森林,0.6395348837209303,0.7116104868913857,0.4708402610170521,0.532764277211625
random_forest,随机森林,0.6395348837209303,0.7153558052434457,0.47063860328925217,0.532764277211625
random_forest,随机森林,0.6627906976744186,0.7153558052434457,0.4676034561435497,0.532764277211625
random_forest,随机森林,0.6627906976744186,0.7191011235955056,0.4674162585839828,0.532764277211625
random_forest,随机森林,0.6744186046511628,0.7191011235955056,0.4669414555355384,0.532764277211625
random_forest,随机森林,0.6744186046511628,0.7340823970037453,0.46562067852221695,0.532764277211625
random_forest,随机森林,0.686046511627907,0.7340823970037453,0.46382971977209275,0.532764277211625
random_forest,随机森林,0.686046511627907,0.7415730337078652,0.4632480315965379,0.532764277211625
random_forest,随机森林,0.6937984496124031,0.7415730337078652,0.46219153101711463,0.532764277211625
random_forest,随机森林,0.6937984496124031,0.7490636704119851,0.4619662170183913,0.532764277211625
random_forest,随机森林,0.7015503875968992,0.7490636704119851,0.4616046851124156,0.532764277211625
random_forest,随机森林,0.7015503875968992,0.7602996254681648,0.46085738149295724,0.532764277211625
random_forest,随机森林,0.7131782945736435,0.7602996254681648,0.4599155249499632,0.532764277211625
random_forest,随机森林,0.7131782945736435,0.7640449438202247,0.4585448639243297,0.532764277211625
random_forest,随机森林,0.7170542635658915,0.7640449438202247,0.45842945684245984,0.532764277211625
random_forest,随机森林,0.7170542635658915,0.7715355805243446,0.4572423397242884,0.532764277211625
random_forest,随机森林,0.7325581395348837,0.7715355805243446,0.45537076271281174,0.532764277211625
random_forest,随机森林,0.7325581395348837,0.7752808988764045,0.45471498078888345,0.532764277211625
random_forest,随机森林,0.7441860465116279,0.7752808988764045,0.452910765570467,0.532764277211625
random_forest,随机森林,0.7441860465116279,0.7790262172284644,0.4525867474114065,0.532764277211625
random_forest,随机森林,0.748062015503876,0.7790262172284644,0.4522552581813881,0.532764277211625
random_forest,随机森林,0.748062015503876,0.7827715355805244,0.4522151171771214,0.532764277211625
random_forest,随机森林,0.7558139534883721,0.7827715355805244,0.4518220669134913,0.532764277211625
random_forest,随机森林,0.7558139534883721,0.7940074906367042,0.45009705858699106,0.532764277211625
random_forest,随机森林,0.7674418604651163,0.7940074906367042,0.4487849621473572,0.532764277211625
random_forest,随机森林,0.7674418604651163,0.797752808988764,0.44871350838877155,0.532764277211625
random_forest,随机森林,0.7790697674418605,0.797752808988764,0.44719687250668677,0.532764277211625
random_forest,随机森林,0.7790697674418605,0.8202247191011236,0.44565310188668245,0.532764277211625
random_forest,随机森林,0.7906976744186046,0.8202247191011236,0.4449438915692268,0.532764277211625
random_forest,随机森林,0.7906976744186046,0.8239700374531835,0.4448798731763043,0.532764277211625
random_forest,随机森林,0.7945736434108527,0.8239700374531835,0.44466259475645914,0.532764277211625
random_forest,随机森林,0.7945736434108527,0.8426966292134831,0.443688075914407,0.532764277211625
random_forest,随机森林,0.8023255813953488,0.8426966292134831,0.44267782045476123,0.532764277211625
random_forest,随机森林,0.8023255813953488,0.846441947565543,0.44251067417408557,0.532764277211625
random_forest,随机森林,0.810077519379845,0.846441947565543,0.4417494512662414,0.532764277211625
random_forest,随机森林,0.810077519379845,0.8764044943820225,0.43695392323175725,0.532764277211625
random_forest,随机森林,0.813953488372093,0.8764044943820225,0.4366421127219887,0.532764277211625
random_forest,随机森林,0.813953488372093,0.8801498127340824,0.436084228493809,0.532764277211625
random_forest,随机森林,0.8294573643410853,0.8801498127340824,0.43427730058470876,0.532764277211625
random_forest,随机森林,0.8294573643410853,0.8838951310861424,0.43420965770061143,0.532764277211625
random_forest,随机森林,0.8372093023255814,0.8838951310861424,0.43362085805286193,0.532764277211625
random_forest,随机森林,0.8372093023255814,0.8876404494382022,0.43301027005465154,0.532764277211625
random_forest,随机森林,0.8527131782945736,0.8876404494382022,0.4320803978320093,0.532764277211625
random_forest,随机森林,0.8527131782945736,0.8913857677902621,0.43075555070547156,0.532764277211625
random_forest,随机森林,0.8565891472868217,0.8913857677902621,0.4305560116338069,0.532764277211625
random_forest,随机森林,0.8565891472868217,0.8951310861423221,0.4295928027394346,0.532764277211625
random_forest,随机森林,0.8643410852713178,0.8951310861423221,0.4287636050899751,0.532764277211625
random_forest,随机森林,0.8643410852713178,0.9026217228464419,0.42826524778437014,0.532764277211625
random_forest,随机森林,0.8682170542635659,0.9026217228464419,0.42814618086861367,0.532764277211625
random_forest,随机森林,0.8682170542635659,0.9063670411985019,0.42813061743074515,0.532764277211625
random_forest,随机森林,0.8837209302325582,0.9063670411985019,0.4252062357226653,0.532764277211625
random_forest,随机森林,0.8837209302325582,0.9101123595505618,0.4247029886683448,0.532764277211625
random_forest,随机森林,0.8914728682170543,0.9101123595505618,0.42268057764242106,0.532764277211625
random_forest,随机森林,0.8914728682170543,0.9176029962546817,0.42246371975192737,0.532764277211625
random_forest,随机森林,0.8953488372093024,0.9176029962546817,0.42179729995820503,0.532764277211625
random_forest,随机森林,0.8953488372093024,0.9213483146067416,0.42172124757190155,0.532764277211625
random_forest,随机森林,0.8992248062015504,0.9213483146067416,0.42131956300742746,0.532764277211625
random_forest,随机森林,0.8992248062015504,0.9250936329588015,0.4208145396915293,0.532764277211625
random_forest,随机森林,0.9031007751937985,0.9250936329588015,0.4206928701699477,0.532764277211625
random_forest,随机森林,0.9031007751937985,0.9325842696629213,0.42007440443526406,0.532764277211625
random_forest,随机森林,0.9147286821705426,0.9325842696629213,0.4178610568558318,0.532764277211625
random_forest,随机森林,0.9147286821705426,0.9363295880149812,0.4142691377621122,0.532764277211625
random_forest,随机森林,0.9186046511627907,0.9363295880149812,0.4139899869748986,0.532764277211625
random_forest,随机森林,0.9186046511627907,0.947565543071161,0.41193698147710256,0.532764277211625
random_forest,随机森林,0.937984496124031,0.947565543071161,0.4051288920853002,0.532764277211625
random_forest,随机森林,0.937984496124031,0.9550561797752809,0.4023585887290511,0.532764277211625
random_forest,随机森林,0.9418604651162791,0.9550561797752809,0.4019170613026873,0.532764277211625
random_forest,随机森林,0.9418604651162791,0.9588014981273408,0.4016670322481551,0.532764277211625
random_forest,随机森林,0.9457364341085271,0.9588014981273408,0.40105006805638593,0.532764277211625
random_forest,随机森林,0.9457364341085271,0.9625468164794008,0.40093928325119804,0.532764277211625
random_forest,随机森林,0.9496124031007752,0.9625468164794008,0.40074755822174224,0.532764277211625
random_forest,随机森林,0.9496124031007752,0.9662921348314607,0.39988560591722705,0.532764277211625
random_forest,随机森林,0.9534883720930233,0.9662921348314607,0.39831232693096913,0.532764277211625
random_forest,随机森林,0.9534883720930233,0.9775280898876404,0.3907350114064023,0.532764277211625
random_forest,随机森林,0.9573643410852714,0.9775280898876404,0.38869222432116785,0.532764277211625
random_forest,随机森林,0.9573643410852714,0.9812734082397003,0.3884766255602937,0.532764277211625
random_forest,随机森林,0.9767441860465116,0.9812734082397003,0.3826574721935452,0.532764277211625
random_forest,随机森林,0.9767441860465116,0.9850187265917603,0.3803801894705526,0.532764277211625
random_forest,随机森林,0.9844961240310077,0.9850187265917603,0.37705392652840486,0.532764277211625
random_forest,随机森林,0.9844961240310077,0.9887640449438202,0.3752299557153593,0.532764277211625
random_forest,随机森林,0.9922480620155039,0.9887640449438202,0.36464797933736187,0.532764277211625
random_forest,随机森林,0.9922480620155039,0.9962546816479401,0.357239527496675,0.532764277211625
random_forest,随机森林,1.0,0.9962546816479401,0.34612951550171417,0.532764277211625
random_forest,随机森林,1.0,1.0,0.31228771840345737,0.532764277211625
